year,mother_age_code,mother_age_label,registered_births,share_of_all_births,share_of_known_age_births
2014,1,Menor de 15,3007,0.0038699531,0.0039153289
2014,2,15 a 19,113945,0.1466450969,0.1483645331
2014,3,20 a 24,192415,0.2476345282,0.2505380810
2014,4,25 a 29,177190,0.2280402362,0.2307140430
2014,5,30 a 34,160012,0.2059324695,0.2083470593
2014,6,35 a 39,95509,0.1229183076,0.1243595436
2014,7,40 a 44,24305,0.0312800832,0.0316468470
2014,8,De 45 y más,1624,0.0020900578,0.0021145641
2014,9,Sin especificar,9005,0.0115892676,
2015,1,Menor de 15,2787,0.0036192925,0.0036796500
2015,2,15 a 19,108912,0.1414368085,0.1437954923
2015,3,20 a 24,189542,0.2461456548,0.2502505251
2015,4,25 a 29,175362,0.2277310270,0.2315288041
2015,5,30 a 34,155082,0.2013947327,0.2047533103
2015,6,35 a 39,98623,0.1280751649,0.1302110221
2015,7,40 a 44,25346,0.0329151732,0.0334640861
2015,8,De 45 y más,1755,0.0022791024,0.0023171100
2015,9,Sin especificar,12631,0.0164030440,
2016,1,Menor de 15,2419,0.0033226425,0.0033532718
2016,2,15 a 19,96905,0.1331048645,0.1343318755
2016,3,20 a 24,178069,0.2445885157,0.2468432252
2016,4,25 a 29,170356,0.2339942448,0.2361512923
2016,5,30 a 34,149478,0.2053170521,0.2072097424
2016,6,35 a 39,96943,0.1331570598,0.1343845519
2016,7,40 a 44,25312,0.0347675593,0.0350880598
2016,8,De 45 y más,1903,0.0026138853,0.0026379811
2016,9,Sin especificar,6650,0.0091341762,
2017,1,Menor de 15,2493,0.0035381325,0.0036129283
2017,2,15 a 19,91586,0.1299813088,0.1327291014
2017,3,20 a 24,169299,0.2402736837,0.2453530467
2017,4,25 a 29,165665,0.2351162134,0.2400865480
2017,5,30 a 34,142831,0.2027095879,0.2069948494
2017,6,35 a 39,92677,0.1315296853,0.1343102104
2017,7,40 a 44,23744,0.0336981219,0.0344104971
2017,8,De 45 y más,1727,0.0024510047,0.0025028188
2017,9,Sin especificar,14587,0.0207022618,
2018,1,Menor de 15,2350,0.0034286848,0.0034880183
2018,2,15 a 19,84768,0.1236777678,0.1258180145
2018,3,20 a 24,164480,0.2399787567,0.2441315948
2018,4,25 a 29,163156,0.2380470211,0.2421664304
2018,5,30 a 34,140679,0.2052527451,0.2088046487
2018,6,35 a 39,91509,0.1335129867,0.1358234321
2018,7,40 a 44,24866,0.0362798624,0.0369076863
2018,8,De 45 y más,1927,0.0028115215,0.0028601750
2018,9,Sin especificar,11659,0.0170106537,
2019,1,Menor de 15,1938,0.0030986136,0.0031505382
2019,2,15 a 19,69803,0.1116060508,0.1134762726
2019,3,20 a 24,145460,0.2325718973,0.2364691863
2019,4,25 a 29,150889,0.2412521725,0.2452949200
2019,5,30 a 34,132965,0.2125939937,0.2161565060
2019,6,35 a 39,86984,0.1390762678,0.1414068177
2019,7,40 a 44,25081,0.0401013045,0.0407732962
2019,8,De 45 y más,2013,0.0032185290,0.0032724630
2019,9,Sin especificar,10308,0.0164811709,
2020,1,Menor de 15,1293,0.0024245311,0.0024748685
2020,2,15 a 19,51967,0.0974443980,0.0994675109
2020,3,20 a 24,119520,0.2241144274,0.2287674274
2020,4,25 a 29,130750,0.2451720329,0.2502622250
2020,5,30 a 34,117544,0.2204091888,0.2249852618
2020,6,35 a 39,76499,0.1434448593,0.1464230207
2020,7,40 a 44,22953,0.0430396457,0.0439332226
2020,8,De 45 y más,1926,0.0036114825,0.0036864631
2020,9,Sin especificar,10847,0.0203394344,
2021,1,Menor de 15,1394,0.0026312114,0.0026826109
2021,2,15 a 19,46236,0.0872716565,0.0889764704
2021,3,20 a 24,114522,0.2161632635,0.2203859188
2021,4,25 a 29,131084,0.2474244706,0.2522578001
2021,5,30 a 34,122417,0.2310652820,0.2355790418
2021,6,35 a 39,78849,0.1488295451,0.1517368655
2021,7,40 a 44,23488,0.0443342129,0.0452002625
2021,8,De 45 y más,1653,0.0031200806,0.0031810301
2021,9,Sin especificar,10151,0.0191602774,
2022,1,Menor de 15,1087,0.0021946517,0.0022170778
2022,2,15 a 19,43210,0.0872409372,0.0881324128
2022,3,20 a 24,107449,0.2169393998,0.2191562051
2022,4,25 a 29,124421,0.2512058470,0.2537728056
2022,5,30 a 34,115146,0.2324796333,0.2348552373
2022,6,35 a 39,74381,0.1501751481,0.1517097199
2022,7,40 a 44,22584,0.0455970684,0.0460630042
2022,8,De 45 y más,2007,0.0040521305,0.0040935374
2022,9,Sin especificar,5010,0.0101151839,
2023,1,Menor de 15,1056,0.0022911595,0.0023125489
2023,2,15 a 19,39504,0.0857101944,0.0865103506
2023,3,20 a 24,102280,0.2219126843,0.2239843728
2023,4,25 a 29,115487,0.2505673657,0.2529065630
2023,5,30 a 34,106505,0.2310794920,0.2332367581
2023,6,35 a 39,68671,0.1489926275,0.1503835634
2023,7,40 a 44,21125,0.0458340385,0.0462619268
2023,8,De 45 y más,2011,0.0043631835,0.0044039164
2023,9,Sin especificar,4263,0.0092492547,
2024,1,Menor de 15,866,0.0020961671,0.0021015286
2024,2,15 a 19,34426,0.0833286940,0.0835418279
2024,3,20 a 24,91497,0.2214699795,0.2220364443
2024,4,25 a 29,105761,0.2559962240,0.2566509982
2024,5,30 a 34,95632,0.2314788144,0.2320708793
2024,6,35 a 39,63212,0.1530056761,0.1533970263
2024,7,40 a 44,18735,0.0453483728,0.0454643626
2024,8,De 45 y más,1952,0.0047248478,0.0047369328
2024,9,Sin especificar,1054,0.0025512242,
