mother_age_code,mother_age_label,registered_births_2014,share_of_all_births_2014,share_of_known_age_births_2014,registered_births_2024,share_of_all_births_2024,share_of_known_age_births_2024,absolute_change,percent_change,contribution_to_total_decline,contribution_to_known_age_decline
1,Menor de 15,3007,0.0038699531,0.0039153289,866,0.0020961671,0.0021015286,-2141,-0.7120053209,0.0058838564,0.0060152953
2,15 a 19,113945,0.1466450969,0.1483645331,34426,0.0833286940,0.0835418279,-79519,-0.6978717802,0.2185326360,0.2234144176
3,20 a 24,192415,0.2476345282,0.2505380810,91497,0.2214699795,0.2220364443,-100918,-0.5244809396,0.2773409696,0.2835364654
4,25 a 29,177190,0.2280402362,0.2307140430,105761,0.2559962240,0.2566509982,-71429,-0.4031209436,0.1962998486,0.2006849738
5,30 a 34,160012,0.2059324695,0.2083470593,95632,0.2314788144,0.2320708793,-64380,-0.4023448241,0.1769279180,0.1808802953
6,35 a 39,95509,0.1229183076,0.1243595436,63212,0.1530056761,0.1533970263,-32297,-0.3381566135,0.0887580144,0.0907407720
7,40 a 44,24305,0.0312800832,0.0316468470,18735,0.0453483728,0.0454643626,-5570,-0.2291709525,0.0153073703,0.0156493204
8,De 45 y más,1624,0.0020900578,0.0021145641,1952,0.0047248478,0.0047369328,328,0.2019704433,-0.0009014035,-0.0009215399
9,Sin especificar,9005,0.0115892676,,1054,0.0025512242,,-7951,-0.8829539145,0.0218507902,
