year,filename,bytes,sha256,encoding,delimiter,rows,total_nacidos,province_values,age_values,duplicate_dimension_rows,blank_dimension_rows,blank_weighted_count
2014,nacidos_vivos_2014.csv,1262409,57113304d28a5e1e680f90ea8ba5931d167e071efea3e5cfa397388a6fa8e2e4,cp1252,comma,12411,777012,26,9,0,0,0
2015,nacidos_vivos_2015.csv,1228228,1c40fb2af55b0d0e66ef663872a2a1b338683e92892b72e6d302ecd859449706,cp1252,comma,12046,770040,26,9,0,0,0
2016,nacidos_vivos_2016.csv,1208895,2d1028db170a4c41943a6348805322bbe98925c538053c7d2369d08a23a66771,cp1252,comma,11869,728035,26,9,0,0,0
2017,nacidos_vivos_2017.csv,1254929,bf7805e7bc1e9098f0d0b8753d9ed69113289d301858b4c00172c4d704ee78d0,cp1252,comma,12308,704609,26,9,0,1,10
2018,nacidos_vivos_2018.csv,1204877,89732bf30bea35a4670980042a6dfb3d94250b383c144939e2ccd55690821cb0,cp1252,comma,11863,685394,26,9,0,0,0
2019,nacidos_vivos_2019.csv,1144000,12d50d58017e58b0b2a80b97bf355e3a922df2bc4cdcd4a1b26297f32095502f,cp1252,comma,11288,625441,26,9,0,0,0
2020,nacidos_vivos_2020.csv,936290,5694e2b5eff25e377a41a86866208886a8f14941d8e4f1e92734e8afe52472ea,utf-8-sig,semicolon,10846,533299,26,9,0,0,0
2021,nacidos_vivos_2021.csv,870232,301d597d69ecc828c10bd2ec416ae473133f5e122f9a720d0302e72a132101c1,utf-8-sig,semicolon,10072,529794,26,9,0,0,0
2022,nacidos_vivos_2022.csv,836518,70a82bc9a118fb7cfc4d3af5f86c024925a73a0fb955443e1a8fbfa67d40bfef,utf-8-sig,semicolon,9693,495295,26,9,0,0,0
2023,nacidos_vivos_2023.csv,806860,9adc914de80ef4ece1702fa0b7a1d1df33aad7fcc68e9759066d1c9ee4113c29,utf-8-sig,semicolon,9354,460902,26,9,0,0,0
2024,nacidos_vivos_2024.csv,1668694,ac0ac5ff8794f73c57a02b494b97401431ce901d4f5f0a5df877f372da9d85d2,utf-8-sig,semicolon,21966,413135,26,9,0,0,0
