year,variable,unspecified_count,total_count,share
2014,province,1856,777012,0.0023886375
2014,birth_type,1065,777012,0.0013706352
2014,sex_unspecified,206,777012,0.0002651182
2014,sex_undocumented_code_3,0,777012,0.0000000000
2014,mother_age,9005,777012,0.0115892676
2014,gestation,9907,777012,0.0127501248
2014,education_harmonized,37203,777012,0.0478795694
2014,weight_harmonized,7283,777012,0.0093730856
2015,province,2661,770040,0.0034556646
2015,birth_type,622,770040,0.0008077502
2015,sex_unspecified,160,770040,0.0002077814
2015,sex_undocumented_code_3,0,770040,0.0000000000
2015,mother_age,12631,770040,0.0164030440
2015,gestation,10424,770040,0.0135369591
2015,education_harmonized,36395,770040,0.0472637785
2015,weight_harmonized,11347,770040,0.0147355982
2016,province,2627,728035,0.0036083430
2016,birth_type,662,728035,0.0009092969
2016,sex_unspecified,237,728035,0.0003255338
2016,sex_undocumented_code_3,0,728035,0.0000000000
2016,mother_age,6650,728035,0.0091341762
2016,gestation,8830,728035,0.0121285378
2016,education_harmonized,46389,728035,0.0637180905
2016,weight_harmonized,6367,728035,0.0087454587
2017,province,2495,704609,0.0035409709
2017,birth_type,3329,704609,0.0047246061
2017,sex_unspecified,4469,704609,0.0063425247
2017,sex_undocumented_code_3,0,704609,0.0000000000
2017,mother_age,14587,704609,0.0207022618
2017,gestation,9541,704609,0.0135408432
2017,education_harmonized,20595,704609,0.0292289766
2017,weight_harmonized,5852,704609,0.0083053154
2018,province,2876,685394,0.0041961266
2018,birth_type,606,685394,0.0008841630
2018,sex_unspecified,6242,685394,0.0091071705
2018,sex_undocumented_code_3,0,685394,0.0000000000
2018,mother_age,11659,685394,0.0170106537
2018,gestation,8594,685394,0.0125387733
2018,education_harmonized,51856,685394,0.0756586722
2018,weight_harmonized,6859,685394,0.0100073826
2019,province,1222,625441,0.0019538214
2019,birth_type,18232,625441,0.0291506313
2019,sex_unspecified,1456,625441,0.0023279574
2019,sex_undocumented_code_3,0,625441,0.0000000000
2019,mother_age,10308,625441,0.0164811709
2019,gestation,5780,625441,0.0092414792
2019,education_harmonized,39327,625441,0.0628788327
2019,weight_harmonized,4835,625441,0.0077305453
2020,province,1266,533299,0.0023739028
2020,birth_type,2798,533299,0.0052465877
2020,sex_unspecified,1112,533299,0.0020851342
2020,sex_undocumented_code_3,0,533299,0.0000000000
2020,mother_age,10847,533299,0.0203394344
2020,gestation,13921,533299,0.0261035554
2020,education_harmonized,38372,533299,0.0719521319
2020,weight_harmonized,11929,533299,0.0223683150
2021,province,966,529794,0.0018233502
2021,birth_type,3192,529794,0.0060249833
2021,sex_unspecified,1103,529794,0.0020819413
2021,sex_undocumented_code_3,0,529794,0.0000000000
2021,mother_age,10151,529794,0.0191602774
2021,gestation,12253,529794,0.0231278572
2021,education_harmonized,41677,529794,0.0786664251
2021,weight_harmonized,12702,529794,0.0239753565
2022,province,1988,495295,0.0040137696
2022,birth_type,2751,495295,0.0055542656
2022,sex_unspecified,369,495295,0.0007450105
2022,sex_undocumented_code_3,0,495295,0.0000000000
2022,mother_age,5010,495295,0.0101151839
2022,gestation,5344,495295,0.0107895295
2022,education_harmonized,33558,495295,0.0677535610
2022,weight_harmonized,4468,495295,0.0090208865
2023,province,792,460902,0.0017183696
2023,birth_type,1371,460902,0.0029746020
2023,sex_unspecified,261,460902,0.0005662809
2023,sex_undocumented_code_3,0,460902,0.0000000000
2023,mother_age,4263,460902,0.0092492547
2023,gestation,3543,460902,0.0076871005
2023,education_harmonized,26131,460902,0.0566953496
2023,weight_harmonized,3709,460902,0.0080472638
2024,province,902,413135,0.0021833057
2024,birth_type,1867,413135,0.0045191039
2024,sex_unspecified,29,413135,0.0000701950
2024,sex_undocumented_code_3,6,413135,0.0000145231
2024,mother_age,1054,413135,0.0025512242
2024,gestation,2084,413135,0.0050443560
2024,education_harmonized,29665,413135,0.0718046159
2024,weight_harmonized,1810,413135,0.0043811345
