year,registered_births,annual_change,annual_change_pct,index_2014,change_since_2014,change_since_2014_pct
2014,777012,,,100.0000000000,0,0.0000000000
2015,770040,-6972,-0.0089728344,99.1027165604,-6972,-0.0089728344
2016,728035,-42005,-0.0545491143,93.6967511441,-48977,-0.0630324886
2017,704609,-23426,-0.0321770245,90.6818684911,-72403,-0.0931813151
2018,685394,-19215,-0.0272704436,88.2089337102,-91618,-0.1179106629
2019,625441,-59953,-0.0874723152,80.4930940577,-151571,-0.1950690594
2020,533299,-92142,-0.1473232487,68.6345899420,-243713,-0.3136541006
2021,529794,-3505,-0.0065722981,68.1835029575,-247218,-0.3181649704
2022,495295,-34499,-0.0651177628,63.7435457882,-281717,-0.3625645421
2023,460902,-34393,-0.0694394250,59.3172306219,-316110,-0.4068276938
2024,413135,-47767,-0.1036380836,53.1697065168,-363877,-0.4683029348
