year,source_rows,normalized_rows,row_difference,source_total,normalized_total,count_difference,flagged_rows,flagged_count,passed
2014,12411,12411,0,777012,777012,0,19,20,True
2015,12046,12046,0,770040,770040,0,0,0,True
2016,11869,11869,0,728035,728035,0,0,0,True
2017,12308,12308,0,704609,704609,0,16,29,True
2018,11863,11863,0,685394,685394,0,8,8,True
2019,11288,11288,0,625441,625441,0,0,0,True
2020,10846,10846,0,533299,533299,0,0,0,True
2021,10072,10072,0,529794,529794,0,0,0,True
2022,9693,9693,0,495295,495295,0,0,0,True
2023,9354,9354,0,460902,460902,0,0,0,True
2024,21966,21966,0,413135,413135,0,7,7,True
