dimension,category_key,expected_count,source_table,source_page,source_url,observed_count,difference,passed
birth_type,1,403133,13,52,https://www.argentina.gob.ar/sites/default/files/serie_5_nro_68_anuario_vitales_v4_revisada_ok.pdf,403133,0,True
birth_type,2,8135,13,52,https://www.argentina.gob.ar/sites/default/files/serie_5_nro_68_anuario_vitales_v4_revisada_ok.pdf,8135,0,True
birth_type,9,1867,13,52,https://www.argentina.gob.ar/sites/default/files/serie_5_nro_68_anuario_vitales_v4_revisada_ok.pdf,1867,0,True
education_source,1,821,3,42,https://www.argentina.gob.ar/sites/default/files/serie_5_nro_68_anuario_vitales_v4_revisada_ok.pdf,821,0,True
education_source,2,8094,3,42,https://www.argentina.gob.ar/sites/default/files/serie_5_nro_68_anuario_vitales_v4_revisada_ok.pdf,8094,0,True
education_source,3,41577,3,42,https://www.argentina.gob.ar/sites/default/files/serie_5_nro_68_anuario_vitales_v4_revisada_ok.pdf,41577,0,True
education_source,4,95148,3,42,https://www.argentina.gob.ar/sites/default/files/serie_5_nro_68_anuario_vitales_v4_revisada_ok.pdf,95148,0,True
education_source,5,152038,3,42,https://www.argentina.gob.ar/sites/default/files/serie_5_nro_68_anuario_vitales_v4_revisada_ok.pdf,152038,0,True
education_source,6,24629,3,42,https://www.argentina.gob.ar/sites/default/files/serie_5_nro_68_anuario_vitales_v4_revisada_ok.pdf,24629,0,True
education_source,7,61163,3,42,https://www.argentina.gob.ar/sites/default/files/serie_5_nro_68_anuario_vitales_v4_revisada_ok.pdf,61163,0,True
education_source,8,29665,3,42,https://www.argentina.gob.ar/sites/default/files/serie_5_nro_68_anuario_vitales_v4_revisada_ok.pdf,29665,0,True
gestation,1,42,7,47,https://www.argentina.gob.ar/sites/default/files/serie_5_nro_68_anuario_vitales_v4_revisada_ok.pdf,42,0,True
gestation,2,205,7,47,https://www.argentina.gob.ar/sites/default/files/serie_5_nro_68_anuario_vitales_v4_revisada_ok.pdf,205,0,True
gestation,3,1479,7,47,https://www.argentina.gob.ar/sites/default/files/serie_5_nro_68_anuario_vitales_v4_revisada_ok.pdf,1479,0,True
gestation,4,3603,7,47,https://www.argentina.gob.ar/sites/default/files/serie_5_nro_68_anuario_vitales_v4_revisada_ok.pdf,3603,0,True
gestation,5,34689,7,47,https://www.argentina.gob.ar/sites/default/files/serie_5_nro_68_anuario_vitales_v4_revisada_ok.pdf,34689,0,True
gestation,6,369697,7,47,https://www.argentina.gob.ar/sites/default/files/serie_5_nro_68_anuario_vitales_v4_revisada_ok.pdf,369697,0,True
gestation,7,1336,7,47,https://www.argentina.gob.ar/sites/default/files/serie_5_nro_68_anuario_vitales_v4_revisada_ok.pdf,1336,0,True
gestation,8,2084,7,47,https://www.argentina.gob.ar/sites/default/files/serie_5_nro_68_anuario_vitales_v4_revisada_ok.pdf,2084,0,True
mother_age,1,866,2,41,https://www.argentina.gob.ar/sites/default/files/serie_5_nro_68_anuario_vitales_v4_revisada_ok.pdf,866,0,True
mother_age,2,34426,2,41,https://www.argentina.gob.ar/sites/default/files/serie_5_nro_68_anuario_vitales_v4_revisada_ok.pdf,34426,0,True
mother_age,3,91497,2,41,https://www.argentina.gob.ar/sites/default/files/serie_5_nro_68_anuario_vitales_v4_revisada_ok.pdf,91497,0,True
mother_age,4,105761,2,41,https://www.argentina.gob.ar/sites/default/files/serie_5_nro_68_anuario_vitales_v4_revisada_ok.pdf,105761,0,True
mother_age,5,95632,2,41,https://www.argentina.gob.ar/sites/default/files/serie_5_nro_68_anuario_vitales_v4_revisada_ok.pdf,95632,0,True
mother_age,6,63212,2,41,https://www.argentina.gob.ar/sites/default/files/serie_5_nro_68_anuario_vitales_v4_revisada_ok.pdf,63212,0,True
mother_age,7,18735,2,41,https://www.argentina.gob.ar/sites/default/files/serie_5_nro_68_anuario_vitales_v4_revisada_ok.pdf,18735,0,True
mother_age,8,1952,2,41,https://www.argentina.gob.ar/sites/default/files/serie_5_nro_68_anuario_vitales_v4_revisada_ok.pdf,1952,0,True
mother_age,9,1054,2,41,https://www.argentina.gob.ar/sites/default/files/serie_5_nro_68_anuario_vitales_v4_revisada_ok.pdf,1054,0,True
sex_published,1,210374,13,52,https://www.argentina.gob.ar/sites/default/files/serie_5_nro_68_anuario_vitales_v4_revisada_ok.pdf,210374,0,True
sex_published,2,202726,13,52,https://www.argentina.gob.ar/sites/default/files/serie_5_nro_68_anuario_vitales_v4_revisada_ok.pdf,202726,0,True
sex_published,unspecified,35,13,52,https://www.argentina.gob.ar/sites/default/files/serie_5_nro_68_anuario_vitales_v4_revisada_ok.pdf,35,0,True
total,all,413135,1,39,https://www.argentina.gob.ar/sites/default/files/serie_5_nro_68_anuario_vitales_v4_revisada_ok.pdf,413135,0,True
weight_source,1,117,5,45,https://www.argentina.gob.ar/sites/default/files/serie_5_nro_68_anuario_vitales_v4_revisada_ok.pdf,117,0,True
weight_source,2,1835,5,45,https://www.argentina.gob.ar/sites/default/files/serie_5_nro_68_anuario_vitales_v4_revisada_ok.pdf,1835,0,True
weight_source,3,3280,5,45,https://www.argentina.gob.ar/sites/default/files/serie_5_nro_68_anuario_vitales_v4_revisada_ok.pdf,3280,0,True
weight_source,4,6684,5,45,https://www.argentina.gob.ar/sites/default/files/serie_5_nro_68_anuario_vitales_v4_revisada_ok.pdf,6684,0,True
weight_source,5,21672,5,45,https://www.argentina.gob.ar/sites/default/files/serie_5_nro_68_anuario_vitales_v4_revisada_ok.pdf,21672,0,True
weight_source,6,83289,5,45,https://www.argentina.gob.ar/sites/default/files/serie_5_nro_68_anuario_vitales_v4_revisada_ok.pdf,83289,0,True
weight_source,7,165892,5,45,https://www.argentina.gob.ar/sites/default/files/serie_5_nro_68_anuario_vitales_v4_revisada_ok.pdf,165892,0,True
weight_source,8,128556,5,45,https://www.argentina.gob.ar/sites/default/files/serie_5_nro_68_anuario_vitales_v4_revisada_ok.pdf,128556,0,True
weight_source,9,1810,5,45,https://www.argentina.gob.ar/sites/default/files/serie_5_nro_68_anuario_vitales_v4_revisada_ok.pdf,1810,0,True
