province_code,province_label,known_age_births_2014,under_25_births_2014,under_25_share_2014,age_25_29_births_2014,age_25_29_share_2014,age_30_plus_births_2014,age_30_plus_share_2014,all_registered_births_2014,unspecified_age_births_2014,unspecified_age_share_2014,known_age_births_2024,under_25_births_2024,under_25_share_2024,age_25_29_births_2024,age_25_29_share_2024,age_30_plus_births_2024,age_30_plus_share_2024,all_registered_births_2024,unspecified_age_births_2024,unspecified_age_share_2024,under_25_share_change_pp,age_25_29_share_change_pp,age_30_plus_share_change_pp,registered_births_change,registered_births_change_pct,modal_age_code_2014,modal_age_label_2014,modal_age_births_2014,modal_age_share_2014,modal_tie_count_2014,modal_age_code_2024,modal_age_label_2024,modal_age_births_2024,modal_age_share_2024,modal_tie_count_2024,modal_age_band_change
94,Tierra del Fuego,3036,1109,0.3652832675,818,0.2694334651,1109,0.3652832675,3038,2,0.0006583278,1259,279,0.2216044480,351,0.2787926926,629,0.4996028594,1259,0,0.0000000000,-14.3678819483,0.9359227528,13.4319591955,-1779,-0.5855826201,4,25 a 29,818,0.2694334651,1,4,25 a 29,351,0.2787926926,1,0
02,Ciudad Aut. de Buenos Aires,43600,9596,0.2200917431,9217,0.2113990826,24787,0.5685091743,43716,116,0.0026534907,21402,2746,0.1283057658,3847,0.1797495561,14809,0.6919446781,21454,52,0.0024237904,-9.1785977303,-3.1649526453,12.3435503756,-22262,-0.5092414677,5,30 a 34,12724,0.2918348624,1,6,35 a 39,6339,0.2961872722,1,1
38,Jujuy,14025,6359,0.4534046346,3058,0.2180392157,4608,0.3285561497,14025,0,0.0000000000,6352,1650,0.2597607053,1842,0.2899874055,2860,0.4502518892,6352,0,0.0000000000,-19.3643929291,7.1948189855,12.1695739436,-7673,-0.5470944742,3,20 a 24,3640,0.2595365419,1,4,25 a 29,1842,0.2899874055,1,1
58,Neuquén,11931,4777,0.4003855502,2903,0.2433157321,4251,0.3562987176,11933,2,0.0001676024,6789,1856,0.2733834143,1792,0.2639564001,3141,0.4626601856,6790,1,0.0001472754,-12.7002135901,2.0640667933,10.6361467968,-5143,-0.4309896924,3,20 a 24,3028,0.2537926410,1,4,25 a 29,1792,0.2639564001,1,1
62,Río Negro,12334,4878,0.3954921356,3015,0.2444462461,4441,0.3600616183,12339,5,0.0004052192,6721,1866,0.2776372564,1808,0.2690075882,3047,0.4533551555,6721,0,0.0000000000,-11.7854879200,2.4561342008,9.3293537192,-5618,-0.4553043196,3,20 a 24,3026,0.2453380898,1,4,25 a 29,1808,0.2690075882,1,1
46,La Rioja,6152,2814,0.4574122237,1403,0.2280559168,1935,0.3145318596,6287,135,0.0214728805,3502,1034,0.2952598515,1041,0.2972587093,1427,0.4074814392,3503,1,0.0002854696,-16.2152372154,6.9202792534,9.2949579620,-2784,-0.4428185144,3,20 a 24,1775,0.2885240572,1,4,25 a 29,1041,0.2972587093,1,1
22,Chaco,22774,11614,0.5099675068,4865,0.2136207956,6295,0.2764116975,22798,24,0.0010527239,14311,5202,0.3634966110,3855,0.2693732094,5254,0.3671301796,14350,39,0.0027177700,-14.6470895807,5.5752413775,9.0718482032,-8448,-0.3705588209,3,20 a 24,6263,0.2750065865,1,4,25 a 29,3855,0.2693732094,1,1
42,La Pampa,5617,2294,0.4084030621,1398,0.2488873064,1925,0.3427096315,5619,2,0.0003559352,3039,916,0.3014149391,812,0.2671931556,1311,0.4313919052,3039,0,0.0000000000,-10.6988123008,1.8305849252,8.8682273756,-2580,-0.4591564335,3,20 a 24,1452,0.2585009792,1,4,25 a 29,812,0.2671931556,1,1
26,Chubut,9881,3859,0.3905475154,2469,0.2498734946,3553,0.3595789900,9881,0,0.0000000000,5054,1400,0.2770083102,1390,0.2750296795,2264,0.4479620103,5054,0,0.0000000000,-11.3539205184,2.5156184876,8.8383020308,-4827,-0.4885133084,3,20 a 24,2477,0.2506831292,1,4,25 a 29,1390,0.2750296795,1,1
66,Salta,28343,13618,0.4804713686,6196,0.2186077691,8529,0.3009208623,28346,3,0.0001058350,14409,5047,0.3502671941,3812,0.2645568742,5550,0.3851759317,14410,1,0.0000693963,-13.0204174477,4.5949105062,8.4255069415,-13936,-0.4916390320,3,20 a 24,7704,0.2718131461,1,4,25 a 29,3812,0.2645568742,1,1
50,Mendoza,36088,14645,0.4058135668,8657,0.2398858346,12786,0.3543005985,36098,10,0.0002770237,18504,5501,0.2972870731,4970,0.2685905750,8033,0.4341223519,18505,1,0.0000540394,-10.8526493771,2.8704740384,7.9821753387,-17593,-0.4873677212,3,20 a 24,9157,0.2537408557,1,4,25 a 29,4970,0.2685905750,1,1
18,Corrientes,20385,9832,0.4823154280,4541,0.2227618347,6012,0.2949227373,20933,548,0.0261787608,12538,4640,0.3700749721,3228,0.2574573297,4670,0.3724676982,12538,0,0.0000000000,-11.2240455926,3.4695495035,7.7544960891,-8395,-0.4010414179,3,20 a 24,5611,0.2752514104,1,4,25 a 29,3228,0.2574573297,1,1
54,Misiones,27187,13872,0.5102438666,5958,0.2191488579,7357,0.2706072755,27511,324,0.0117771073,16448,6368,0.3871595331,4391,0.2669625486,5689,0.3458779183,16469,21,0.0012751230,-12.3084333480,4.7813690728,7.5270642752,-11042,-0.4013667260,3,20 a 24,7492,0.2755728841,1,4,25 a 29,4391,0.2669625486,1,1
82,Santa Fe,57787,22809,0.3947081524,12941,0.2239431014,22037,0.3813487463,57798,11,0.0001903180,33710,10242,0.3038267576,8128,0.2411153960,15340,0.4550578463,33713,3,0.0000889864,-9.0881394714,1.7172294635,7.3709100079,-24085,-0.4167099208,3,20 a 24,13626,0.2357969786,1,4,25 a 29,8128,0.2411153960,1,1
10,Catamarca,6809,3201,0.4701130856,1468,0.2155970040,2140,0.3142899104,6840,31,0.0045321637,3866,1249,0.3230729436,1118,0.2891877910,1499,0.3877392654,3866,0,0.0000000000,-14.7040142011,7.3590787033,7.3449354978,-2974,-0.4347953216,3,20 a 24,1821,0.2674401527,1,4,25 a 29,1118,0.2891877910,1,1
30,Entre Ríos,23258,9887,0.4251010405,5362,0.2305443288,8009,0.3443546307,23318,60,0.0025731195,12545,4107,0.3273814269,3215,0.2562774014,5223,0.4163411718,12548,3,0.0002390819,-9.7719613639,2.5733072522,7.1986541117,-10770,-0.4618749464,3,20 a 24,5732,0.2464528334,1,4,25 a 29,3215,0.2562774014,1,1
78,Santa Cruz,5950,2378,0.3996638655,1546,0.2598319328,2026,0.3405042017,6156,206,0.0334632878,2696,799,0.2963649852,786,0.2915430267,1111,0.4120919881,2696,0,0.0000000000,-10.3298880383,3.1711093933,7.1587786450,-3460,-0.5620532814,3,20 a 24,1573,0.2643697479,1,4,25 a 29,786,0.2915430267,1,1
90,Tucumán,30311,13296,0.4386526344,6889,0.2272772261,10126,0.3340701396,30393,82,0.0026979897,16661,5404,0.3243502791,4561,0.2737530760,6696,0.4018966449,16661,0,0.0000000000,-11.4302355262,4.6475849956,6.7826505306,-13732,-0.4518145626,3,20 a 24,7855,0.2591468444,1,4,25 a 29,4561,0.2737530760,1,1
34,Formosa,12529,6628,0.5290126906,2623,0.2093542980,3278,0.2616330114,12531,2,0.0001596042,6711,2752,0.4100730145,1770,0.2637460885,2189,0.3261808970,6711,0,0.0000000000,-11.8939676104,5.4391790483,6.4547885621,-5820,-0.4644481685,3,20 a 24,3646,0.2910048687,1,3,20 a 24,1786,0.2661302339,1,0
86,Santiago del Estero,17291,8291,0.4794980047,3795,0.2194783413,5205,0.3010236539,18180,889,0.0488998900,11401,4159,0.3647925621,3131,0.2746250329,4111,0.3605824051,11401,0,0.0000000000,-11.4705442686,5.5146691558,5.9558751128,-6779,-0.3728822882,3,20 a 24,4685,0.2709502053,1,4,25 a 29,3131,0.2746250329,1,1
06,Buenos Aires,288967,110633,0.3828568660,68477,0.2369716957,109857,0.3801714383,294329,5362,0.0182177088,146283,44659,0.3052917974,37373,0.2554842326,64251,0.4392239700,147081,798,0.0054255818,-7.7565068603,1.8512536888,5.9052531715,-147248,-0.5002836961,3,20 a 24,73778,0.2553163510,1,4,25 a 29,37373,0.2554842326,1,1
74,San Luis,7932,3377,0.4257438225,1860,0.2344931921,2695,0.3397629854,7932,0,0.0000000000,4410,1370,0.3106575964,1284,0.2911564626,1756,0.3981859410,4410,0,0.0000000000,-11.5086226119,5.6663270452,5.8422955667,-3522,-0.4440242057,3,20 a 24,2090,0.2634896621,1,4,25 a 29,1284,0.2911564626,1,1
14,Córdoba,58706,21847,0.3721425408,13828,0.2355466222,23031,0.3923108371,59246,540,0.0091145394,33872,10114,0.2985947095,8624,0.2546055739,15134,0.4467997166,33873,1,0.0000295220,-7.3547831302,1.9058951774,5.4488879528,-25373,-0.4282651993,3,20 a 24,13888,0.2365686642,1,4,25 a 29,8624,0.2546055739,1,1
70,San Juan,15526,7024,0.4524024217,3549,0.2285843102,4953,0.3190132681,15528,2,0.0001287996,8701,3248,0.3732904264,2427,0.2789334559,3026,0.3477761177,8701,0,0.0000000000,-7.9111995356,5.0349145735,2.8762849621,-6827,-0.4396573931,3,20 a 24,4182,0.2693546309,1,4,25 a 29,2427,0.2789334559,1,1
