year,province_code,province_label,known_age_births,under_25_births,under_25_share,age_25_29_births,age_25_29_share,age_30_plus_births,age_30_plus_share,all_registered_births,unspecified_age_births,unspecified_age_share
2014,02,Ciudad Aut. de Buenos Aires,43600,9596,0.2200917431,9217,0.2113990826,24787,0.5685091743,43716,116,0.0026534907
2014,06,Buenos Aires,288967,110633,0.3828568660,68477,0.2369716957,109857,0.3801714383,294329,5362,0.0182177088
2014,10,Catamarca,6809,3201,0.4701130856,1468,0.2155970040,2140,0.3142899104,6840,31,0.0045321637
2014,14,Córdoba,58706,21847,0.3721425408,13828,0.2355466222,23031,0.3923108371,59246,540,0.0091145394
2014,18,Corrientes,20385,9832,0.4823154280,4541,0.2227618347,6012,0.2949227373,20933,548,0.0261787608
2014,22,Chaco,22774,11614,0.5099675068,4865,0.2136207956,6295,0.2764116975,22798,24,0.0010527239
2014,26,Chubut,9881,3859,0.3905475154,2469,0.2498734946,3553,0.3595789900,9881,0,0.0000000000
2014,30,Entre Ríos,23258,9887,0.4251010405,5362,0.2305443288,8009,0.3443546307,23318,60,0.0025731195
2014,34,Formosa,12529,6628,0.5290126906,2623,0.2093542980,3278,0.2616330114,12531,2,0.0001596042
2014,38,Jujuy,14025,6359,0.4534046346,3058,0.2180392157,4608,0.3285561497,14025,0,0.0000000000
2014,42,La Pampa,5617,2294,0.4084030621,1398,0.2488873064,1925,0.3427096315,5619,2,0.0003559352
2014,46,La Rioja,6152,2814,0.4574122237,1403,0.2280559168,1935,0.3145318596,6287,135,0.0214728805
2014,50,Mendoza,36088,14645,0.4058135668,8657,0.2398858346,12786,0.3543005985,36098,10,0.0002770237
2014,54,Misiones,27187,13872,0.5102438666,5958,0.2191488579,7357,0.2706072755,27511,324,0.0117771073
2014,58,Neuquén,11931,4777,0.4003855502,2903,0.2433157321,4251,0.3562987176,11933,2,0.0001676024
2014,62,Río Negro,12334,4878,0.3954921356,3015,0.2444462461,4441,0.3600616183,12339,5,0.0004052192
2014,66,Salta,28343,13618,0.4804713686,6196,0.2186077691,8529,0.3009208623,28346,3,0.0001058350
2014,70,San Juan,15526,7024,0.4524024217,3549,0.2285843102,4953,0.3190132681,15528,2,0.0001287996
2014,74,San Luis,7932,3377,0.4257438225,1860,0.2344931921,2695,0.3397629854,7932,0,0.0000000000
2014,78,Santa Cruz,5950,2378,0.3996638655,1546,0.2598319328,2026,0.3405042017,6156,206,0.0334632878
2014,82,Santa Fe,57787,22809,0.3947081524,12941,0.2239431014,22037,0.3813487463,57798,11,0.0001903180
2014,86,Santiago del Estero,17291,8291,0.4794980047,3795,0.2194783413,5205,0.3010236539,18180,889,0.0488998900
2014,90,Tucumán,30311,13296,0.4386526344,6889,0.2272772261,10126,0.3340701396,30393,82,0.0026979897
2014,94,Tierra del Fuego,3036,1109,0.3652832675,818,0.2694334651,1109,0.3652832675,3038,2,0.0006583278
2015,02,Ciudad Aut. de Buenos Aires,41797,8759,0.2095604948,8626,0.2063784482,24412,0.5840610570,41866,69,0.0016481154
2015,06,Buenos Aires,278560,104194,0.3740450890,66855,0.2400021539,107511,0.3859527570,287523,8963,0.0311731583
2015,10,Catamarca,6827,3200,0.4687271129,1601,0.2345100337,2026,0.2967628534,6835,8,0.0011704462
2015,14,Córdoba,58223,21199,0.3641000979,13823,0.2374147674,23201,0.3984851347,58558,335,0.0057208238
2015,18,Corrientes,20148,9598,0.4763748263,4474,0.2220567798,6076,0.3015683939,20658,510,0.0246877723
2015,22,Chaco,25918,13377,0.5161277876,5614,0.2166062196,6927,0.2672659927,25952,34,0.0013101110
2015,26,Chubut,9858,3662,0.3714749442,2550,0.2586731589,3646,0.3698518969,9858,0,0.0000000000
2015,30,Entre Ríos,23539,10022,0.4257615022,5507,0.2339521645,8010,0.3402863333,23572,33,0.0013999661
2015,34,Formosa,12330,6517,0.5285482563,2516,0.2040551500,3297,0.2673965937,12331,1,0.0000810964
2015,38,Jujuy,13265,6067,0.4573690162,2805,0.2114587260,4393,0.3311722578,13265,0,0.0000000000
2015,42,La Pampa,5398,2046,0.3790292701,1387,0.2569470174,1965,0.3640237125,5398,0,0.0000000000
2015,46,La Rioja,6160,2751,0.4465909091,1453,0.2358766234,1956,0.3175324675,6274,114,0.0181702263
2015,50,Mendoza,35466,14117,0.3980431963,8427,0.2376078498,12922,0.3643489539,35476,10,0.0002818807
2015,54,Misiones,27050,13888,0.5134195933,5807,0.2146765250,7355,0.2719038817,27168,118,0.0043433451
2015,58,Neuquén,11836,4567,0.3858567083,2937,0.2481412639,4332,0.3660020277,11838,2,0.0001689475
2015,62,Río Negro,12726,5011,0.3937608047,3103,0.2438315260,4612,0.3624076693,12734,8,0.0006282394
2015,66,Salta,28379,13417,0.4727791677,6305,0.2221713239,8657,0.3050495084,28379,0,0.0000000000
2015,70,San Juan,15168,6792,0.4477848101,3449,0.2273866034,4927,0.3248285865,15168,0,0.0000000000
2015,74,San Luis,8101,3362,0.4150104925,1937,0.2391062832,2802,0.3458832243,8101,0,0.0000000000
2015,78,Santa Cruz,5901,2459,0.4167090324,1531,0.2594475513,1911,0.3238434164,6336,435,0.0686553030
2015,82,Santa Fe,57425,22514,0.3920592077,12805,0.2229865041,22106,0.3849542882,57439,14,0.0002437368
2015,86,Santiago del Estero,18230,8722,0.4784421284,3966,0.2175534833,5542,0.3040043884,19061,831,0.0435968732
2015,90,Tucumán,30156,13353,0.4427974532,6660,0.2208515718,10143,0.3363509749,30188,32,0.0010600239
2015,94,Tierra del Fuego,3036,994,0.3274044796,818,0.2694334651,1224,0.4031620553,3037,1,0.0003292723
2016,02,Ciudad Aut. de Buenos Aires,40056,7730,0.1929798282,8250,0.2059616537,24076,0.6010585181,40136,80,0.0019932230
2016,06,Buenos Aires,268075,96959,0.3616860953,65499,0.2443308776,105617,0.3939830271,272471,4396,0.0161338271
2016,10,Catamarca,6672,2948,0.4418465228,1559,0.2336630695,2165,0.3244904077,6685,13,0.0019446522
2016,14,Córdoba,56109,19838,0.3535618172,13415,0.2390882033,22856,0.4073499795,56460,351,0.0062167906
2016,18,Corrientes,19444,9053,0.4655934993,4544,0.2336967702,5847,0.3007097305,20033,589,0.0294014875
2016,22,Chaco,22004,10927,0.4965915288,4931,0.2240956190,6146,0.2793128522,22023,19,0.0008627344
2016,26,Chubut,9608,3541,0.3685470441,2474,0.2574937552,3593,0.3739592007,9608,0,0.0000000000
2016,30,Entre Ríos,22191,9164,0.4129602091,5221,0.2352755622,7806,0.3517642287,22195,4,0.0001802208
2016,34,Formosa,11367,5935,0.5221254509,2479,0.2180874461,2953,0.2597871030,11369,2,0.0001759170
2016,38,Jujuy,12380,5473,0.4420840065,2692,0.2174474960,4215,0.3404684976,12380,0,0.0000000000
2016,42,La Pampa,5222,1910,0.3657602451,1339,0.2564151666,1973,0.3778245883,5222,0,0.0000000000
2016,46,La Rioja,6164,2718,0.4409474367,1461,0.2370214147,1985,0.3220311486,6182,18,0.0029116791
2016,50,Mendoza,33350,13015,0.3902548726,8203,0.2459670165,12132,0.3637781109,33378,28,0.0008388759
2016,54,Misiones,25240,12637,0.5006735341,5650,0.2238510301,6953,0.2754754358,25319,79,0.0031201864
2016,58,Neuquén,11238,4301,0.3827193451,2756,0.2452393664,4181,0.3720412885,11238,0,0.0000000000
2016,62,Río Negro,11918,4366,0.3663366337,3100,0.2601107568,4452,0.3735526095,11924,6,0.0005031869
2016,66,Salta,26266,12106,0.4609000228,5718,0.2176958806,8442,0.3214040966,26273,7,0.0002664332
2016,70,San Juan,14017,6169,0.4401084398,3320,0.2368552472,4528,0.3230363130,14017,0,0.0000000000
2016,74,San Luis,7503,3088,0.4115687059,1806,0.2407037185,2609,0.3477275756,7504,1,0.0001332623
2016,78,Santa Cruz,6090,2333,0.3830870279,1640,0.2692939245,2117,0.3476190476,6119,29,0.0047393365
2016,82,Santa Fe,55964,21202,0.3788506897,12647,0.2259845615,22115,0.3951647488,55971,7,0.0001250648
2016,86,Santiago del Estero,17514,8179,0.4669978303,4029,0.2300445358,5306,0.3029576339,17515,1,0.0000570939
2016,90,Tucumán,28305,12127,0.4284402049,6442,0.2275922982,9736,0.3439674969,28306,1,0.0000353282
2016,94,Tierra del Fuego,2828,959,0.3391089109,776,0.2743988685,1093,0.3864922207,2829,1,0.0003534818
2017,02,Ciudad Aut. de Buenos Aires,35729,6774,0.1895938873,7201,0.2015449635,21754,0.6088611492,35840,111,0.0030970982
2017,06,Buenos Aires,249857,92712,0.3710602465,61878,0.2476536579,95267,0.3812860956,262721,12864,0.0489644908
2017,10,Catamarca,6392,2725,0.4263141427,1508,0.2359198999,2159,0.3377659574,6392,0,0.0000000000
2017,14,Córdoba,54575,18913,0.3465506184,13045,0.2390288594,22617,0.4144205222,54804,229,0.0041785271
2017,18,Corrientes,19874,9002,0.4529536077,4708,0.2368924223,6164,0.3101539700,19987,113,0.0056536749
2017,22,Chaco,23069,11165,0.4839828341,5289,0.2292687156,6615,0.2867484503,23125,56,0.0024216216
2017,26,Chubut,9021,3185,0.3530650704,2345,0.2599490079,3491,0.3869859217,9023,2,0.0002216558
2017,30,Entre Ríos,21953,8784,0.4001275452,5259,0.2395572359,7910,0.3603152189,21966,13,0.0005918237
2017,34,Formosa,11588,5811,0.5014670349,2572,0.2219537453,3205,0.2765792199,11591,3,0.0002588215
2017,38,Jujuy,11785,4950,0.4200254561,2736,0.2321595248,4099,0.3478150191,11785,0,0.0000000000
2017,42,La Pampa,4978,1828,0.3672157493,1261,0.2533145842,1889,0.3794696665,4979,1,0.0002008435
2017,46,La Rioja,5892,2500,0.4243041412,1443,0.2449083503,1949,0.3307875085,5895,3,0.0005089059
2017,50,Mendoza,31391,11627,0.3703927877,7877,0.2509317957,11887,0.3786754165,31420,29,0.0009229790
2017,54,Misiones,25645,12348,0.4814973679,5991,0.2336127900,7306,0.2848898421,25738,93,0.0036133344
2017,58,Neuquén,10396,3651,0.3511927664,2676,0.2574066949,4069,0.3914005387,10397,1,0.0000961816
2017,62,Río Negro,11495,4055,0.3527620705,2987,0.2598521096,4453,0.3873858199,11513,18,0.0015634500
2017,66,Salta,27012,12295,0.4551680734,6113,0.2263068266,8604,0.3185251000,27014,2,0.0000740357
2017,70,San Juan,13704,5602,0.4087857560,3290,0.2400758903,4812,0.3511383538,13705,1,0.0000729661
2017,74,San Luis,7225,2834,0.3922491349,1815,0.2512110727,2576,0.3565397924,7225,0,0.0000000000
2017,78,Santa Cruz,5741,2153,0.3750217732,1551,0.2701619927,2037,0.3548162341,5747,6,0.0010440230
2017,82,Santa Fe,53182,19280,0.3625286751,12539,0.2357752623,21363,0.4016960626,53206,24,0.0004510769
2017,86,Santiago del Estero,17782,8217,0.4620965021,4199,0.2361376673,5366,0.3017658306,17783,1,0.0000562335
2017,90,Tucumán,27369,11584,0.4232525850,6290,0.2298220615,9495,0.3469253535,27369,0,0.0000000000
2017,94,Tierra del Fuego,2718,872,0.3208241354,749,0.2755702723,1097,0.4036055923,2718,0,0.0000000000
2018,02,Ciudad Aut. de Buenos Aires,35376,6262,0.1770126640,6970,0.1970262325,22144,0.6259611036,35467,91,0.0025657654
2018,06,Buenos Aires,241335,87140,0.3610748545,59905,0.2482234239,94290,0.3907017217,251377,10042,0.0399479666
2018,10,Catamarca,6696,2850,0.4256272401,1589,0.2373058542,2257,0.3370669056,6696,0,0.0000000000
2018,14,Córdoba,53496,18190,0.3400254225,13152,0.2458501570,22154,0.4141244205,53569,73,0.0013627284
2018,18,Corrientes,19792,8983,0.4538702506,4747,0.2398443816,6062,0.3062853678,19855,63,0.0031730043
2018,22,Chaco,24750,12056,0.4871111111,5749,0.2322828283,6945,0.2806060606,24783,33,0.0013315579
2018,26,Chubut,8539,2899,0.3395011125,2211,0.2589296171,3429,0.4015692704,8539,0,0.0000000000
2018,30,Entre Ríos,21270,8348,0.3924776681,5232,0.2459802539,7690,0.3615420780,21283,13,0.0006108161
2018,34,Formosa,11809,6019,0.5096959946,2571,0.2177153019,3219,0.2725887035,11809,0,0.0000000000
2018,38,Jujuy,11807,4965,0.4205132548,2721,0.2304565089,4121,0.3490302363,11807,0,0.0000000000
2018,42,La Pampa,4771,1708,0.3579962272,1264,0.2649339761,1799,0.3770697967,4773,2,0.0004190237
2018,46,La Rioja,5662,2299,0.4060402685,1476,0.2606852702,1887,0.3332744613,5673,11,0.0019390093
2018,50,Mendoza,30069,10724,0.3566463800,7745,0.2575742459,11600,0.3857793741,30089,20,0.0006646947
2018,54,Misiones,24833,11650,0.4691338139,5921,0.2384327306,7262,0.2924334555,24858,25,0.0010057124
2018,58,Neuquén,10122,3399,0.3358032009,2742,0.2708950800,3981,0.3933017190,10122,0,0.0000000000
2018,62,Río Negro,10640,3595,0.3378759398,2741,0.2576127820,4304,0.4045112782,10671,31,0.0029050698
2018,66,Salta,25205,11085,0.4397936917,5845,0.2318984329,8275,0.3283078754,25206,1,0.0000396731
2018,70,San Juan,13498,5549,0.4110979404,3444,0.2551489109,4505,0.3337531486,13498,0,0.0000000000
2018,74,San Luis,7049,2690,0.3816144134,1792,0.2542204568,2567,0.3641651298,7050,1,0.0001418440
2018,78,Santa Cruz,5111,1838,0.3596165134,1414,0.2766581882,1859,0.3637252984,5111,0,0.0000000000
2018,82,Santa Fe,51383,18057,0.3514197303,11954,0.2326450382,21372,0.4159352315,51413,30,0.0005835100
2018,86,Santiago del Estero,18073,8261,0.4570906878,4218,0.2333868201,5594,0.3095224921,18074,1,0.0000553281
2018,90,Tucumán,27913,11638,0.4169383441,6571,0.2354100240,9704,0.3476516319,27915,2,0.0000716461
2018,94,Tierra del Fuego,2687,817,0.3040565687,751,0.2794938593,1119,0.4164495720,2688,1,0.0003720238
2019,02,Ciudad Aut. de Buenos Aires,33911,5377,0.1585621185,6373,0.1879331190,22161,0.6535047625,33981,70,0.0020599747
2019,06,Buenos Aires,218053,74717,0.3426552260,54600,0.2503978391,88736,0.4069469349,227596,9543,0.0419295594
2019,10,Catamarca,5732,2265,0.3951500349,1409,0.2458129798,2058,0.3590369853,5733,1,0.0001744287
2019,14,Córdoba,50801,16702,0.3287730556,12446,0.2449951773,21653,0.4262317671,50929,128,0.0025133028
2019,18,Corrientes,18138,7861,0.4333994928,4435,0.2445142794,5842,0.3220862278,18144,6,0.0003306878
2019,22,Chaco,22118,10008,0.4524821412,5393,0.2438285559,6717,0.3036893028,22176,58,0.0026154401
2019,26,Chubut,7861,2590,0.3294746215,2096,0.2666327439,3175,0.4038926345,7861,0,0.0000000000
2019,30,Entre Ríos,19221,7206,0.3749024504,4779,0.2486343062,7236,0.3764632433,19232,11,0.0005719634
2019,34,Formosa,10250,4912,0.4792195122,2351,0.2293658537,2987,0.2914146341,10250,0,0.0000000000
2019,38,Jujuy,10352,4076,0.3937403400,2440,0.2357032457,3836,0.3705564142,10352,0,0.0000000000
2019,42,La Pampa,4290,1363,0.3177156177,1105,0.2575757576,1822,0.4247086247,4290,0,0.0000000000
2019,46,La Rioja,5318,2005,0.3770214366,1435,0.2698382851,1878,0.3531402783,5320,2,0.0003759398
2019,50,Mendoza,27402,9135,0.3333698270,7107,0.2593606306,11160,0.4072695424,27403,1,0.0000364924
2019,54,Misiones,22995,10431,0.4536203523,5670,0.2465753425,6894,0.2998043053,23013,18,0.0007821666
2019,58,Neuquén,9456,3023,0.3196912014,2512,0.2656514382,3921,0.4146573604,9456,0,0.0000000000
2019,62,Río Negro,9800,3126,0.3189795918,2580,0.2632653061,4094,0.4177551020,9810,10,0.0010193680
2019,66,Salta,22972,9625,0.4189883336,5544,0.2413372802,7803,0.3396743862,22972,0,0.0000000000
2019,70,San Juan,12553,5023,0.4001433920,3286,0.2617700948,4244,0.3380865132,12554,1,0.0000796559
2019,74,San Luis,6610,2448,0.3703479576,1669,0.2524962179,2493,0.3771558245,6610,0,0.0000000000
2019,78,Santa Cruz,4732,1604,0.3389687236,1276,0.2696534235,1852,0.3913778529,4732,0,0.0000000000
2019,82,Santa Fe,47068,15756,0.3347497238,11095,0.2357227841,20217,0.4295274921,47088,20,0.0004247367
2019,86,Santiago del Estero,16970,7331,0.4319976429,4059,0.2391868002,5580,0.3288155569,16972,2,0.0001178412
2019,90,Tucumán,25189,9634,0.3824685379,6332,0.2513795704,9223,0.3661518917,25189,0,0.0000000000
2019,94,Tierra del Fuego,2398,635,0.2648040033,680,0.2835696414,1083,0.4516263553,2398,0,0.0000000000
2020,02,Ciudad Aut. de Buenos Aires,28067,4147,0.1477535896,4978,0.1773613140,18942,0.6748850964,28103,36,0.0012810020
2020,06,Buenos Aires,182371,58441,0.3204511682,45950,0.2519589189,77980,0.4275899129,191474,9103,0.0475417028
2020,10,Catamarca,4916,1803,0.3667615948,1263,0.2569161920,1850,0.3763222132,4950,34,0.0068686869
2020,14,Córdoba,43608,13367,0.3065263254,10810,0.2478902954,19431,0.4455833792,44348,740,0.0166862091
2020,18,Corrientes,16542,6617,0.4000120904,4188,0.2531737396,5737,0.3468141700,16547,5,0.0003021696
2020,22,Chaco,18422,7705,0.4182499186,4742,0.2574096189,5975,0.3243404625,18488,66,0.0035698832
2020,26,Chubut,6990,2118,0.3030042918,1831,0.2619456366,3041,0.4350500715,6991,1,0.0001430411
2020,30,Entre Ríos,17002,5916,0.3479590636,4225,0.2485001764,6861,0.4035407599,17012,10,0.0005878204
2020,34,Formosa,9218,4166,0.4519418529,2291,0.2485354741,2761,0.2995226730,9218,0,0.0000000000
2020,38,Jujuy,9144,3192,0.3490813648,2353,0.2573272091,3599,0.3935914261,9145,1,0.0001093494
2020,42,La Pampa,3743,1168,0.3120491584,957,0.2556772642,1618,0.4322735773,3743,0,0.0000000000
2020,46,La Rioja,4556,1524,0.3345039508,1292,0.2835820896,1740,0.3819139596,4562,6,0.0013152126
2020,50,Mendoza,23452,7375,0.3144721133,6306,0.2688896469,9771,0.4166382398,23455,3,0.0001279045
2020,54,Misiones,21092,9089,0.4309216765,5367,0.2544566660,6636,0.3146216575,21137,45,0.0021289682
2020,58,Neuquén,8141,2410,0.2960324284,2207,0.2710969168,3524,0.4328706547,8141,0,0.0000000000
2020,62,Río Negro,8666,2747,0.3169859220,2249,0.2595199631,3670,0.4234941149,8689,23,0.0026470250
2020,66,Salta,18025,6953,0.3857420250,4573,0.2537031900,6499,0.3605547850,18026,1,0.0000554754
2020,70,San Juan,10942,4132,0.3776274904,2986,0.2728934381,3824,0.3494790715,10942,0,0.0000000000
2020,74,San Luis,5993,2069,0.3452361088,1576,0.2629734690,2348,0.3917904222,5993,0,0.0000000000
2020,78,Santa Cruz,4125,1354,0.3282424242,1187,0.2877575758,1584,0.3840000000,4126,1,0.0002423655
2020,82,Santa Fe,39644,12674,0.3196952881,9594,0.2420038341,17376,0.4383008778,39662,18,0.0004538349
2020,86,Santiago del Estero,13672,5338,0.3904330018,3546,0.2593622001,4788,0.3502047981,13675,3,0.0002193784
2020,90,Tucumán,21567,7748,0.3592525618,5641,0.2615570084,8178,0.3791904298,21640,73,0.0033733826
2020,94,Tierra del Fuego,1884,480,0.2547770701,497,0.2638004246,907,0.4814225053,1886,2,0.0010604454
2021,02,Ciudad Aut. de Buenos Aires,26013,3280,0.1260908008,4509,0.1733364087,18224,0.7005727905,26044,31,0.0011902933
2021,06,Buenos Aires,180750,53627,0.2966915629,45751,0.2531175657,81372,0.4501908714,190096,9346,0.0491646326
2021,10,Catamarca,4764,1597,0.3352225021,1325,0.2781276238,1842,0.3866498741,4764,0,0.0000000000
2021,14,Córdoba,44133,12981,0.2941336415,10945,0.2480003625,20207,0.4578659960,44159,26,0.0005887814
2021,18,Corrientes,15743,6056,0.3846789049,3979,0.2527472527,5708,0.3625738423,15743,0,0.0000000000
2021,22,Chaco,18614,7436,0.3994842592,4963,0.2666272698,6215,0.3338884710,18673,59,0.0031596423
2021,26,Chubut,6426,1821,0.2833800187,1728,0.2689075630,2877,0.4477124183,6426,0,0.0000000000
2021,30,Entre Ríos,16396,5415,0.3302634789,4179,0.2548792388,6802,0.4148572823,16402,6,0.0003658090
2021,34,Formosa,8818,3901,0.4423905648,2201,0.2496030846,2716,0.3080063506,8818,0,0.0000000000
2021,38,Jujuy,8434,2625,0.3112402182,2309,0.2737728243,3500,0.4149869576,8434,0,0.0000000000
2021,42,La Pampa,3573,1069,0.2991883571,956,0.2675622726,1548,0.4332493703,3573,0,0.0000000000
2021,46,La Rioja,4596,1456,0.3167972150,1355,0.2948215840,1785,0.3883812010,4605,9,0.0019543974
2021,50,Mendoza,22892,6661,0.2909750131,6084,0.2657697012,10147,0.4432552857,22903,11,0.0004802864
2021,54,Misiones,20561,8524,0.4145712757,5246,0.2551432323,6791,0.3302854920,20584,23,0.0011173727
2021,58,Neuquén,7769,2163,0.2784142103,2031,0.2614236066,3575,0.4601621830,7769,0,0.0000000000
2021,62,Río Negro,8000,2367,0.2958750000,2107,0.2633750000,3526,0.4407500000,8033,33,0.0041080543
2021,66,Salta,20366,7560,0.3712069135,5258,0.2581753904,7548,0.3706176962,20366,0,0.0000000000
2021,70,San Juan,11147,4046,0.3629676146,3110,0.2789988338,3991,0.3580335516,11147,0,0.0000000000
2021,74,San Luis,6007,2040,0.3396037956,1615,0.2688530048,2352,0.3915431996,6007,0,0.0000000000
2021,78,Santa Cruz,3535,1097,0.3103253182,931,0.2633663366,1507,0.4263083451,3536,1,0.0002828054
2021,82,Santa Fe,43309,13413,0.3097046803,10460,0.2415202383,19436,0.4487750814,43310,1,0.0000230894
2021,86,Santiago del Estero,13623,5213,0.3826616751,3489,0.2561109888,4921,0.3612273361,13623,0,0.0000000000
2021,90,Tucumán,21987,7334,0.3335607404,5960,0.2710692682,8693,0.3953699914,21987,0,0.0000000000
2021,94,Tierra del Fuego,1753,354,0.2019395322,464,0.2646891044,935,0.5333713634,1753,0,0.0000000000
2022,02,Ciudad Aut. de Buenos Aires,24662,3097,0.1255778120,4098,0.1661665721,17467,0.7082556159,24690,28,0.0011340624
2022,06,Buenos Aires,169645,51035,0.3008340947,42677,0.2515665065,75933,0.4475993987,174074,4429,0.0254432023
2022,10,Catamarca,4784,1586,0.3315217391,1306,0.2729933110,1892,0.3954849498,4784,0,0.0000000000
2022,14,Córdoba,41567,12218,0.2939350927,10533,0.2533981283,18816,0.4526667789,41588,21,0.0005049534
2022,18,Corrientes,14405,5337,0.3704963554,3657,0.2538701840,5411,0.3756334606,14405,0,0.0000000000
2022,22,Chaco,18061,7060,0.3908975140,4711,0.2608382703,6290,0.3482642157,18106,45,0.0024853640
2022,26,Chubut,6161,1803,0.2926472975,1670,0.2710598929,2688,0.4362928096,6161,0,0.0000000000
2022,30,Entre Ríos,15104,4895,0.3240863347,3798,0.2514565678,6411,0.4244570975,15107,3,0.0001985834
2022,34,Formosa,8484,3503,0.4128948609,2282,0.2689768977,2699,0.3181282414,8484,0,0.0000000000
2022,38,Jujuy,7819,2273,0.2907021358,2131,0.2725412457,3415,0.4367566185,7819,0,0.0000000000
2022,42,La Pampa,3497,1025,0.2931083786,923,0.2639405204,1549,0.4429511009,3499,2,0.0005715919
2022,46,La Rioja,4391,1321,0.3008426327,1330,0.3028922797,1740,0.3962650877,4391,0,0.0000000000
2022,50,Mendoza,21280,6218,0.2921992481,5856,0.2751879699,9206,0.4326127820,21283,3,0.0001409576
2022,54,Misiones,19522,7816,0.4003688147,5179,0.2652904416,6527,0.3343407438,19575,53,0.0027075351
2022,58,Neuquén,7510,2033,0.2707057257,2029,0.2701731025,3448,0.4591211718,7510,0,0.0000000000
2022,62,Río Negro,8065,2298,0.2849349039,2210,0.2740235586,3557,0.4410415375,8066,1,0.0001239772
2022,66,Salta,18719,6706,0.3582456328,4978,0.2659330092,7035,0.3758213580,18719,0,0.0000000000
2022,70,San Juan,10421,3781,0.3628250648,2885,0.2768448325,3755,0.3603301027,10421,0,0.0000000000
2022,74,San Luis,5561,1832,0.3294371516,1521,0.2735119583,2208,0.3970508901,5561,0,0.0000000000
2022,78,Santa Cruz,3665,1124,0.3066848568,1010,0.2755798090,1531,0.4177353342,3665,0,0.0000000000
2022,82,Santa Fe,41437,13088,0.3158529816,9971,0.2406303545,18378,0.4435166639,41442,5,0.0001206505
2022,86,Santiago del Estero,11660,4247,0.3642367067,3123,0.2678387650,4290,0.3679245283,11677,17,0.0014558534
2022,90,Tucumán,20616,6690,0.3245052386,5702,0.2765812961,8224,0.3989134653,20616,0,0.0000000000
2022,94,Tierra del Fuego,1547,324,0.2094376212,418,0.2702003878,805,0.5203619910,1547,0,0.0000000000
2023,02,Ciudad Aut. de Buenos Aires,23982,3073,0.1281377700,4349,0.1813443416,16560,0.6905178884,23988,6,0.0002501251
2023,06,Buenos Aires,158601,49124,0.3097332299,39261,0.2475457280,70216,0.4427210421,162380,3779,0.0232725705
2023,10,Catamarca,4248,1353,0.3185028249,1172,0.2758945386,1723,0.4056026365,4248,0,0.0000000000
2023,14,Córdoba,38117,11581,0.3038276884,9626,0.2525382375,16910,0.4436340740,38126,9,0.0002360594
2023,18,Corrientes,14252,5062,0.3551782206,3541,0.2484563570,5649,0.3963654224,14253,1,0.0000701607
2023,22,Chaco,16707,6265,0.3749925181,4491,0.2688094811,5951,0.3561980008,16769,62,0.0036972986
2023,26,Chubut,5434,1486,0.2734633787,1532,0.2819285977,2416,0.4446080236,5434,0,0.0000000000
2023,30,Entre Ríos,14073,4569,0.3246642507,3590,0.2550984154,5914,0.4202373339,14073,0,0.0000000000
2023,34,Formosa,8250,3440,0.4169696970,2118,0.2567272727,2692,0.3263030303,8250,0,0.0000000000
2023,38,Jujuy,7365,1908,0.2590631365,2139,0.2904276986,3318,0.4505091650,7365,0,0.0000000000
2023,42,La Pampa,3238,930,0.2872143298,879,0.2714638666,1429,0.4413218036,3238,0,0.0000000000
2023,46,La Rioja,4184,1288,0.3078393881,1268,0.3030592734,1628,0.3891013384,4184,0,0.0000000000
2023,50,Mendoza,20036,6040,0.3014573767,5460,0.2725094829,8536,0.4260331403,20036,0,0.0000000000
2023,54,Misiones,18912,7601,0.4019141286,4863,0.2571383249,6448,0.3409475465,18932,20,0.0010564124
2023,58,Neuquén,6891,1890,0.2742707880,1861,0.2700624002,3140,0.4556668118,6891,0,0.0000000000
2023,62,Río Negro,7375,2127,0.2884067797,1967,0.2667118644,3281,0.4448813559,7375,0,0.0000000000
2023,66,Salta,16974,5980,0.3523035230,4494,0.2647578650,6500,0.3829386120,16974,0,0.0000000000
2023,70,San Juan,9795,3484,0.3556916794,2803,0.2861664114,3508,0.3581419091,9795,0,0.0000000000
2023,74,San Luis,4963,1529,0.3080797904,1420,0.2861172678,2014,0.4058029418,4963,0,0.0000000000
2023,78,Santa Cruz,3139,989,0.3150684932,859,0.2736540299,1291,0.4112774769,3139,0,0.0000000000
2023,82,Santa Fe,37635,12110,0.3217749435,8993,0.2389531022,16532,0.4392719543,37635,0,0.0000000000
2023,86,Santiago del Estero,11871,4434,0.3735152894,3199,0.2694802460,4238,0.3570044647,11871,0,0.0000000000
2023,90,Tucumán,18536,6106,0.3294130341,5087,0.2744389297,7343,0.3961480363,18537,1,0.0000539462
2023,94,Tierra del Fuego,1440,329,0.2284722222,360,0.2500000000,751,0.5215277778,1440,0,0.0000000000
2024,02,Ciudad Aut. de Buenos Aires,21402,2746,0.1283057658,3847,0.1797495561,14809,0.6919446781,21454,52,0.0024237904
2024,06,Buenos Aires,146283,44659,0.3052917974,37373,0.2554842326,64251,0.4392239700,147081,798,0.0054255818
2024,10,Catamarca,3866,1249,0.3230729436,1118,0.2891877910,1499,0.3877392654,3866,0,0.0000000000
2024,14,Córdoba,33872,10114,0.2985947095,8624,0.2546055739,15134,0.4467997166,33873,1,0.0000295220
2024,18,Corrientes,12538,4640,0.3700749721,3228,0.2574573297,4670,0.3724676982,12538,0,0.0000000000
2024,22,Chaco,14311,5202,0.3634966110,3855,0.2693732094,5254,0.3671301796,14350,39,0.0027177700
2024,26,Chubut,5054,1400,0.2770083102,1390,0.2750296795,2264,0.4479620103,5054,0,0.0000000000
2024,30,Entre Ríos,12545,4107,0.3273814269,3215,0.2562774014,5223,0.4163411718,12548,3,0.0002390819
2024,34,Formosa,6711,2752,0.4100730145,1770,0.2637460885,2189,0.3261808970,6711,0,0.0000000000
2024,38,Jujuy,6352,1650,0.2597607053,1842,0.2899874055,2860,0.4502518892,6352,0,0.0000000000
2024,42,La Pampa,3039,916,0.3014149391,812,0.2671931556,1311,0.4313919052,3039,0,0.0000000000
2024,46,La Rioja,3502,1034,0.2952598515,1041,0.2972587093,1427,0.4074814392,3503,1,0.0002854696
2024,50,Mendoza,18504,5501,0.2972870731,4970,0.2685905750,8033,0.4341223519,18505,1,0.0000540394
2024,54,Misiones,16448,6368,0.3871595331,4391,0.2669625486,5689,0.3458779183,16469,21,0.0012751230
2024,58,Neuquén,6789,1856,0.2733834143,1792,0.2639564001,3141,0.4626601856,6790,1,0.0001472754
2024,62,Río Negro,6721,1866,0.2776372564,1808,0.2690075882,3047,0.4533551555,6721,0,0.0000000000
2024,66,Salta,14409,5047,0.3502671941,3812,0.2645568742,5550,0.3851759317,14410,1,0.0000693963
2024,70,San Juan,8701,3248,0.3732904264,2427,0.2789334559,3026,0.3477761177,8701,0,0.0000000000
2024,74,San Luis,4410,1370,0.3106575964,1284,0.2911564626,1756,0.3981859410,4410,0,0.0000000000
2024,78,Santa Cruz,2696,799,0.2963649852,786,0.2915430267,1111,0.4120919881,2696,0,0.0000000000
2024,82,Santa Fe,33710,10242,0.3038267576,8128,0.2411153960,15340,0.4550578463,33713,3,0.0000889864
2024,86,Santiago del Estero,11401,4159,0.3647925621,3131,0.2746250329,4111,0.3605824051,11401,0,0.0000000000
2024,90,Tucumán,16661,5404,0.3243502791,4561,0.2737530760,6696,0.4018966449,16661,0,0.0000000000
2024,94,Tierra del Fuego,1259,279,0.2216044480,351,0.2787926926,629,0.4996028594,1259,0,0.0000000000
