year,province_code,mother_age_code,province_label,mother_age_label,registered_births,known_age_births,share_of_known_age_births
2014,02,1,Ciudad Aut. de Buenos Aires,Menor de 15,35,43600,0.0008027523
2014,02,2,Ciudad Aut. de Buenos Aires,15 a 19,2822,43600,0.0647247706
2014,02,3,Ciudad Aut. de Buenos Aires,20 a 24,6739,43600,0.1545642202
2014,02,4,Ciudad Aut. de Buenos Aires,25 a 29,9217,43600,0.2113990826
2014,02,5,Ciudad Aut. de Buenos Aires,30 a 34,12724,43600,0.2918348624
2014,02,6,Ciudad Aut. de Buenos Aires,35 a 39,9453,43600,0.2168119266
2014,02,7,Ciudad Aut. de Buenos Aires,40 a 44,2398,43600,0.0550000000
2014,02,8,Ciudad Aut. de Buenos Aires,De 45 y más,212,43600,0.0048623853
2014,06,1,Buenos Aires,Menor de 15,454,288967,0.0015711137
2014,06,2,Buenos Aires,15 a 19,36401,288967,0.1259694014
2014,06,3,Buenos Aires,20 a 24,73778,288967,0.2553163510
2014,06,4,Buenos Aires,25 a 29,68477,288967,0.2369716957
2014,06,5,Buenos Aires,30 a 34,60945,288967,0.2109064357
2014,06,6,Buenos Aires,35 a 39,37432,288967,0.1295372828
2014,06,7,Buenos Aires,40 a 44,10719,288967,0.0370942011
2014,06,8,Buenos Aires,De 45 y más,761,288967,0.0026335187
2014,10,1,Catamarca,Menor de 15,50,6809,0.0073432222
2014,10,2,Catamarca,15 a 19,1330,6809,0.1953297107
2014,10,3,Catamarca,20 a 24,1821,6809,0.2674401527
2014,10,4,Catamarca,25 a 29,1468,6809,0.2155970040
2014,10,5,Catamarca,30 a 34,1257,6809,0.1846086063
2014,10,6,Catamarca,35 a 39,706,6809,0.1036862975
2014,10,7,Catamarca,40 a 44,168,6809,0.0246732266
2014,10,8,Catamarca,De 45 y más,9,6809,0.0013217800
2014,14,1,Córdoba,Menor de 15,171,58706,0.0029128198
2014,14,2,Córdoba,15 a 19,7788,58706,0.1326610568
2014,14,3,Córdoba,20 a 24,13888,58706,0.2365686642
2014,14,4,Córdoba,25 a 29,13828,58706,0.2355466222
2014,14,5,Córdoba,30 a 34,13490,58706,0.2297891187
2014,14,6,Córdoba,35 a 39,7717,58706,0.1314516404
2014,14,7,Córdoba,40 a 44,1720,58706,0.0292985385
2014,14,8,Córdoba,De 45 y más,104,58706,0.0017715395
2014,18,1,Corrientes,Menor de 15,164,20385,0.0080451312
2014,18,2,Corrientes,15 a 19,4057,20385,0.1990188864
2014,18,3,Corrientes,20 a 24,5611,20385,0.2752514104
2014,18,4,Corrientes,25 a 29,4541,20385,0.2227618347
2014,18,5,Corrientes,30 a 34,3532,20385,0.1732646554
2014,18,6,Corrientes,35 a 39,1976,20385,0.0969340201
2014,18,7,Corrientes,40 a 44,483,20385,0.0236938926
2014,18,8,Corrientes,De 45 y más,21,20385,0.0010301692
2014,22,1,Chaco,Menor de 15,228,22774,0.0100114165
2014,22,2,Chaco,15 a 19,5123,22774,0.2249495038
2014,22,3,Chaco,20 a 24,6263,22774,0.2750065865
2014,22,4,Chaco,25 a 29,4865,22774,0.2136207956
2014,22,5,Chaco,30 a 34,3913,22774,0.1718187407
2014,22,6,Chaco,35 a 39,1921,22774,0.0843505752
2014,22,7,Chaco,40 a 44,443,22774,0.0194520067
2014,22,8,Chaco,De 45 y más,18,22774,0.0007903750
2014,26,1,Chubut,Menor de 15,27,9881,0.0027325170
2014,26,2,Chubut,15 a 19,1355,9881,0.1371318692
2014,26,3,Chubut,20 a 24,2477,9881,0.2506831292
2014,26,4,Chubut,25 a 29,2469,9881,0.2498734946
2014,26,5,Chubut,30 a 34,2112,9881,0.2137435482
2014,26,6,Chubut,35 a 39,1168,9881,0.1182066592
2014,26,7,Chubut,40 a 44,262,9881,0.0265155349
2014,26,8,Chubut,De 45 y más,11,9881,0.0011132476
2014,30,1,Entre Ríos,Menor de 15,140,23258,0.0060194342
2014,30,2,Entre Ríos,15 a 19,4015,23258,0.1726287729
2014,30,3,Entre Ríos,20 a 24,5732,23258,0.2464528334
2014,30,4,Entre Ríos,25 a 29,5362,23258,0.2305443288
2014,30,5,Entre Ríos,30 a 34,4776,23258,0.2053486972
2014,30,6,Entre Ríos,35 a 39,2604,23258,0.1119614756
2014,30,7,Entre Ríos,40 a 44,600,23258,0.0257975750
2014,30,8,Entre Ríos,De 45 y más,29,23258,0.0012468828
2014,34,1,Formosa,Menor de 15,184,12529,0.0146859286
2014,34,2,Formosa,15 a 19,2798,12529,0.2233218932
2014,34,3,Formosa,20 a 24,3646,12529,0.2910048687
2014,34,4,Formosa,25 a 29,2623,12529,0.2093542980
2014,34,5,Formosa,30 a 34,1932,12529,0.1542022508
2014,34,6,Formosa,35 a 39,1055,12529,0.0842046452
2014,34,7,Formosa,40 a 44,271,12529,0.0216298188
2014,34,8,Formosa,De 45 y más,20,12529,0.0015962966
2014,38,1,Jujuy,Menor de 15,85,14025,0.0060606061
2014,38,2,Jujuy,15 a 19,2634,14025,0.1878074866
2014,38,3,Jujuy,20 a 24,3640,14025,0.2595365419
2014,38,4,Jujuy,25 a 29,3058,14025,0.2180392157
2014,38,5,Jujuy,30 a 34,2583,14025,0.1841711230
2014,38,6,Jujuy,35 a 39,1593,14025,0.1135828877
2014,38,7,Jujuy,40 a 44,413,14025,0.0294474153
2014,38,8,Jujuy,De 45 y más,19,14025,0.0013547237
2014,42,1,La Pampa,Menor de 15,26,5617,0.0046288054
2014,42,2,La Pampa,15 a 19,816,5617,0.1452732776
2014,42,3,La Pampa,20 a 24,1452,5617,0.2585009792
2014,42,4,La Pampa,25 a 29,1398,5617,0.2488873064
2014,42,5,La Pampa,30 a 34,1114,5617,0.1983265088
2014,42,6,La Pampa,35 a 39,657,5617,0.1169663521
2014,42,7,La Pampa,40 a 44,138,5617,0.0245682749
2014,42,8,La Pampa,De 45 y más,16,5617,0.0028484956
2014,46,1,La Rioja,Menor de 15,21,6152,0.0034135241
2014,46,2,La Rioja,15 a 19,1018,6152,0.1654746424
2014,46,3,La Rioja,20 a 24,1775,6152,0.2885240572
2014,46,4,La Rioja,25 a 29,1403,6152,0.2280559168
2014,46,5,La Rioja,30 a 34,1133,6152,0.1841677503
2014,46,6,La Rioja,35 a 39,644,6152,0.1046814044
2014,46,7,La Rioja,40 a 44,148,6152,0.0240572172
2014,46,8,La Rioja,De 45 y más,10,6152,0.0016254876
2014,50,1,Mendoza,Menor de 15,130,36088,0.0036023055
2014,50,2,Mendoza,15 a 19,5358,36088,0.1484704057
2014,50,3,Mendoza,20 a 24,9157,36088,0.2537408557
2014,50,4,Mendoza,25 a 29,8657,36088,0.2398858346
2014,50,5,Mendoza,30 a 34,7409,36088,0.2053037021
2014,50,6,Mendoza,35 a 39,4322,36088,0.1197628020
2014,50,7,Mendoza,40 a 44,1001,36088,0.0277377522
2014,50,8,Mendoza,De 45 y más,54,36088,0.0014963423
2014,54,1,Misiones,Menor de 15,275,27187,0.0101151286
2014,54,2,Misiones,15 a 19,6105,27187,0.2245558539
2014,54,3,Misiones,20 a 24,7492,27187,0.2755728841
2014,54,4,Misiones,25 a 29,5958,27187,0.2191488579
2014,54,5,Misiones,30 a 34,4410,27187,0.1622098797
2014,54,6,Misiones,35 a 39,2289,27187,0.0841946519
2014,54,7,Misiones,40 a 44,621,27187,0.0228417994
2014,54,8,Misiones,De 45 y más,37,27187,0.0013609446
2014,58,1,Neuquén,Menor de 15,48,11931,0.0040231330
2014,58,2,Neuquén,15 a 19,1701,11931,0.1425697762
2014,58,3,Neuquén,20 a 24,3028,11931,0.2537926410
2014,58,4,Neuquén,25 a 29,2903,11931,0.2433157321
2014,58,5,Neuquén,30 a 34,2516,11931,0.2108792222
2014,58,6,Neuquén,35 a 39,1381,11931,0.1157488894
2014,58,7,Neuquén,40 a 44,335,11931,0.0280781158
2014,58,8,Neuquén,De 45 y más,19,11931,0.0015924902
2014,62,1,Río Negro,Menor de 15,43,12334,0.0034862980
2014,62,2,Río Negro,15 a 19,1809,12334,0.1466677477
2014,62,3,Río Negro,20 a 24,3026,12334,0.2453380898
2014,62,4,Río Negro,25 a 29,3015,12334,0.2444462461
2014,62,5,Río Negro,30 a 34,2599,12334,0.2107183395
2014,62,6,Río Negro,35 a 39,1508,12334,0.1222636614
2014,62,7,Río Negro,40 a 44,315,12334,0.0255391600
2014,62,8,Río Negro,De 45 y más,19,12334,0.0015404573
2014,66,1,Salta,Menor de 15,231,28343,0.0081501605
2014,66,2,Salta,15 a 19,5683,28343,0.2005080620
2014,66,3,Salta,20 a 24,7704,28343,0.2718131461
2014,66,4,Salta,25 a 29,6196,28343,0.2186077691
2014,66,5,Salta,30 a 34,4891,28343,0.1725646544
2014,66,6,Salta,35 a 39,2854,28343,0.1006950570
2014,66,7,Salta,40 a 44,737,28343,0.0260028931
2014,66,8,Salta,De 45 y más,47,28343,0.0016582578
2014,70,1,San Juan,Menor de 15,72,15526,0.0046373825
2014,70,2,San Juan,15 a 19,2770,15526,0.1784104083
2014,70,3,San Juan,20 a 24,4182,15526,0.2693546309
2014,70,4,San Juan,25 a 29,3549,15526,0.2285843102
2014,70,5,San Juan,30 a 34,2930,15526,0.1887157027
2014,70,6,San Juan,35 a 39,1607,15526,0.1035038001
2014,70,7,San Juan,40 a 44,388,15526,0.0249903388
2014,70,8,San Juan,De 45 y más,28,15526,0.0018034265
2014,74,1,San Luis,Menor de 15,32,7932,0.0040342915
2014,74,2,San Luis,15 a 19,1255,7932,0.1582198689
2014,74,3,San Luis,20 a 24,2090,7932,0.2634896621
2014,74,4,San Luis,25 a 29,1860,7932,0.2344931921
2014,74,5,San Luis,30 a 34,1580,7932,0.1991931417
2014,74,6,San Luis,35 a 39,881,7932,0.1110690872
2014,74,7,San Luis,40 a 44,221,7932,0.0278618255
2014,74,8,San Luis,De 45 y más,13,7932,0.0016389309
2014,78,1,Santa Cruz,Menor de 15,25,5950,0.0042016807
2014,78,2,Santa Cruz,15 a 19,780,5950,0.1310924370
2014,78,3,Santa Cruz,20 a 24,1573,5950,0.2643697479
2014,78,4,Santa Cruz,25 a 29,1546,5950,0.2598319328
2014,78,5,Santa Cruz,30 a 34,1227,5950,0.2062184874
2014,78,6,Santa Cruz,35 a 39,648,5950,0.1089075630
2014,78,7,Santa Cruz,40 a 44,133,5950,0.0223529412
2014,78,8,Santa Cruz,De 45 y más,18,5950,0.0030252101
2014,82,1,Santa Fe,Menor de 15,314,57787,0.0054337481
2014,82,2,Santa Fe,15 a 19,8869,57787,0.1534774257
2014,82,3,Santa Fe,20 a 24,13626,57787,0.2357969786
2014,82,4,Santa Fe,25 a 29,12941,57787,0.2239431014
2014,82,5,Santa Fe,30 a 34,12959,57787,0.2242545901
2014,82,6,Santa Fe,35 a 39,7438,57787,0.1287140706
2014,82,7,Santa Fe,40 a 44,1549,57787,0.0268053368
2014,82,8,Santa Fe,De 45 y más,91,57787,0.0015747486
2014,86,1,Santiago del Estero,Menor de 15,93,17291,0.0053785206
2014,86,2,Santiago del Estero,15 a 19,3513,17291,0.2031692788
2014,86,3,Santiago del Estero,20 a 24,4685,17291,0.2709502053
2014,86,4,Santiago del Estero,25 a 29,3795,17291,0.2194783413
2014,86,5,Santiago del Estero,30 a 34,3077,17291,0.1779538488
2014,86,6,Santiago del Estero,35 a 39,1700,17291,0.0983170435
2014,86,7,Santiago del Estero,40 a 44,411,17291,0.0237695911
2014,86,8,Santiago del Estero,De 45 y más,17,17291,0.0009831704
2014,90,1,Tucumán,Menor de 15,138,30311,0.0045528026
2014,90,2,Tucumán,15 a 19,5303,30311,0.1749529874
2014,90,3,Tucumán,20 a 24,7855,30311,0.2591468444
2014,90,4,Tucumán,25 a 29,6889,30311,0.2272772261
2014,90,5,Tucumán,30 a 34,5955,30311,0.1964633301
2014,90,6,Tucumán,35 a 39,3423,30311,0.1129292996
2014,90,7,Tucumán,40 a 44,709,30311,0.0233908482
2014,90,8,Tucumán,De 45 y más,39,30311,0.0012866616
2014,94,1,Tierra del Fuego,Menor de 15,15,3036,0.0049407115
2014,94,2,Tierra del Fuego,15 a 19,358,3036,0.1179183136
2014,94,3,Tierra del Fuego,20 a 24,736,3036,0.2424242424
2014,94,4,Tierra del Fuego,25 a 29,818,3036,0.2694334651
2014,94,5,Tierra del Fuego,30 a 34,667,3036,0.2196969697
2014,94,6,Tierra del Fuego,35 a 39,359,3036,0.1182476943
2014,94,7,Tierra del Fuego,40 a 44,79,3036,0.0260210804
2014,94,8,Tierra del Fuego,De 45 y más,4,3036,0.0013175231
2024,02,1,Ciudad Aut. de Buenos Aires,Menor de 15,18,21402,0.0008410429
2024,02,2,Ciudad Aut. de Buenos Aires,15 a 19,486,21402,0.0227081581
2024,02,3,Ciudad Aut. de Buenos Aires,20 a 24,2242,21402,0.1047565648
2024,02,4,Ciudad Aut. de Buenos Aires,25 a 29,3847,21402,0.1797495561
2024,02,5,Ciudad Aut. de Buenos Aires,30 a 34,5963,21402,0.2786188207
2024,02,6,Ciudad Aut. de Buenos Aires,35 a 39,6339,21402,0.2961872722
2024,02,7,Ciudad Aut. de Buenos Aires,40 a 44,2119,21402,0.0990094384
2024,02,8,Ciudad Aut. de Buenos Aires,De 45 y más,388,21402,0.0181291468
2024,06,1,Buenos Aires,Menor de 15,197,146283,0.0013467047
2024,06,2,Buenos Aires,15 a 19,11769,146283,0.0804536412
2024,06,3,Buenos Aires,20 a 24,32693,146283,0.2234914515
2024,06,4,Buenos Aires,25 a 29,37373,146283,0.2554842326
2024,06,5,Buenos Aires,30 a 34,33496,146283,0.2289808112
2024,06,6,Buenos Aires,35 a 39,23097,146283,0.1578925781
2024,06,7,Buenos Aires,40 a 44,6915,146283,0.0472713849
2024,06,8,Buenos Aires,De 45 y más,743,146283,0.0050791958
2024,10,1,Catamarca,Menor de 15,5,3866,0.0012933264
2024,10,2,Catamarca,15 a 19,319,3866,0.0825142266
2024,10,3,Catamarca,20 a 24,925,3866,0.2392653906
2024,10,4,Catamarca,25 a 29,1118,3866,0.2891877910
2024,10,5,Catamarca,30 a 34,851,3866,0.2201241593
2024,10,6,Catamarca,35 a 39,490,3866,0.1267459907
2024,10,7,Catamarca,40 a 44,147,3866,0.0380237972
2024,10,8,Catamarca,De 45 y más,11,3866,0.0028453182
2024,14,1,Córdoba,Menor de 15,45,33872,0.0013285309
2024,14,2,Córdoba,15 a 19,2567,33872,0.0757853094
2024,14,3,Córdoba,20 a 24,7502,33872,0.2214808692
2024,14,4,Córdoba,25 a 29,8624,33872,0.2546055739
2024,14,5,Córdoba,30 a 34,8248,33872,0.2435049598
2024,14,6,Córdoba,35 a 39,5209,33872,0.1537848370
2024,14,7,Córdoba,40 a 44,1528,33872,0.0451110061
2024,14,8,Córdoba,De 45 y más,149,33872,0.0043989136
2024,18,1,Corrientes,Menor de 15,29,12538,0.0023129686
2024,18,2,Corrientes,15 a 19,1396,12538,0.1113415218
2024,18,3,Corrientes,20 a 24,3215,12538,0.2564204817
2024,18,4,Corrientes,25 a 29,3228,12538,0.2574573297
2024,18,5,Corrientes,30 a 34,2732,12538,0.2178975913
2024,18,6,Corrientes,35 a 39,1443,12538,0.1150901260
2024,18,7,Corrientes,40 a 44,466,12538,0.0371670123
2024,18,8,Corrientes,De 45 y más,29,12538,0.0023129686
2024,22,1,Chaco,Menor de 15,68,14311,0.0047515897
2024,22,2,Chaco,15 a 19,1686,14311,0.1178114737
2024,22,3,Chaco,20 a 24,3448,14311,0.2409335476
2024,22,4,Chaco,25 a 29,3855,14311,0.2693732094
2024,22,5,Chaco,30 a 34,3165,14311,0.2211585494
2024,22,6,Chaco,35 a 39,1611,14311,0.1125707498
2024,22,7,Chaco,40 a 44,450,14311,0.0314443435
2024,22,8,Chaco,De 45 y más,28,14311,0.0019565369
2024,26,1,Chubut,Menor de 15,6,5054,0.0011871785
2024,26,2,Chubut,15 a 19,312,5054,0.0617332806
2024,26,3,Chubut,20 a 24,1082,5054,0.2140878512
2024,26,4,Chubut,25 a 29,1390,5054,0.2750296795
2024,26,5,Chubut,30 a 34,1259,5054,0.2491096161
2024,26,6,Chubut,35 a 39,752,5054,0.1487930352
2024,26,7,Chubut,40 a 44,237,5054,0.0468935497
2024,26,8,Chubut,De 45 y más,16,5054,0.0031658093
2024,30,1,Entre Ríos,Menor de 15,36,12545,0.0028696692
2024,30,2,Entre Ríos,15 a 19,1090,12545,0.0868872061
2024,30,3,Entre Ríos,20 a 24,2981,12545,0.2376245516
2024,30,4,Entre Ríos,25 a 29,3215,12545,0.2562774014
2024,30,5,Entre Ríos,30 a 34,2907,12545,0.2317257872
2024,30,6,Entre Ríos,35 a 39,1764,12545,0.1406137904
2024,30,7,Entre Ríos,40 a 44,509,12545,0.0405739338
2024,30,8,Entre Ríos,De 45 y más,43,12545,0.0034276604
2024,34,1,Formosa,Menor de 15,60,6711,0.0089405454
2024,34,2,Formosa,15 a 19,906,6711,0.1350022351
2024,34,3,Formosa,20 a 24,1786,6711,0.2661302339
2024,34,4,Formosa,25 a 29,1770,6711,0.2637460885
2024,34,5,Formosa,30 a 34,1308,6711,0.1949038891
2024,34,6,Formosa,35 a 39,684,6711,0.1019222173
2024,34,7,Formosa,40 a 44,188,6711,0.0280137088
2024,34,8,Formosa,De 45 y más,9,6711,0.0013410818
2024,38,1,Jujuy,Menor de 15,13,6352,0.0020465995
2024,38,2,Jujuy,15 a 19,427,6352,0.0672229219
2024,38,3,Jujuy,20 a 24,1210,6352,0.1904911839
2024,38,4,Jujuy,25 a 29,1842,6352,0.2899874055
2024,38,5,Jujuy,30 a 34,1576,6352,0.2481108312
2024,38,6,Jujuy,35 a 39,981,6352,0.1544395466
2024,38,7,Jujuy,40 a 44,284,6352,0.0447103275
2024,38,8,Jujuy,De 45 y más,19,6352,0.0029911839
2024,42,1,La Pampa,Menor de 15,8,3039,0.0026324449
2024,42,2,La Pampa,15 a 19,226,3039,0.0743665679
2024,42,3,La Pampa,20 a 24,682,3039,0.2244159263
2024,42,4,La Pampa,25 a 29,812,3039,0.2671931556
2024,42,5,La Pampa,30 a 34,738,3039,0.2428430405
2024,42,6,La Pampa,35 a 39,451,3039,0.1484040803
2024,42,7,La Pampa,40 a 44,114,3039,0.0375123396
2024,42,8,La Pampa,De 45 y más,8,3039,0.0026324449
2024,46,1,La Rioja,Menor de 15,4,3502,0.0011422045
2024,46,2,La Rioja,15 a 19,242,3502,0.0691033695
2024,46,3,La Rioja,20 a 24,788,3502,0.2250142776
2024,46,4,La Rioja,25 a 29,1041,3502,0.2972587093
2024,46,5,La Rioja,30 a 34,840,3502,0.2398629355
2024,46,6,La Rioja,35 a 39,444,3502,0.1267846945
2024,46,7,La Rioja,40 a 44,130,3502,0.0371216448
2024,46,8,La Rioja,De 45 y más,13,3502,0.0037121645
2024,50,1,Mendoza,Menor de 15,31,18504,0.0016753134
2024,50,2,Mendoza,15 a 19,1524,18504,0.0823605707
2024,50,3,Mendoza,20 a 24,3946,18504,0.2132511889
2024,50,4,Mendoza,25 a 29,4970,18504,0.2685905750
2024,50,5,Mendoza,30 a 34,4495,18504,0.2429204496
2024,50,6,Mendoza,35 a 39,2760,18504,0.1491569390
2024,50,7,Mendoza,40 a 44,716,18504,0.0386943364
2024,50,8,Mendoza,De 45 y más,62,18504,0.0033506269
2024,54,1,Misiones,Menor de 15,89,16448,0.0054109922
2024,54,2,Misiones,15 a 19,2009,16448,0.1221425097
2024,54,3,Misiones,20 a 24,4270,16448,0.2596060311
2024,54,4,Misiones,25 a 29,4391,16448,0.2669625486
2024,54,5,Misiones,30 a 34,3399,16448,0.2066512646
2024,54,6,Misiones,35 a 39,1757,16448,0.1068214981
2024,54,7,Misiones,40 a 44,497,16448,0.0302164397
2024,54,8,Misiones,De 45 y más,36,16448,0.0021887160
2024,58,1,Neuquén,Menor de 15,18,6789,0.0026513478
2024,58,2,Neuquén,15 a 19,431,6789,0.0634850493
2024,58,3,Neuquén,20 a 24,1407,6789,0.2072470172
2024,58,4,Neuquén,25 a 29,1792,6789,0.2639564001
2024,58,5,Neuquén,30 a 34,1730,6789,0.2548239800
2024,58,6,Neuquén,35 a 39,1082,6789,0.1593754603
2024,58,7,Neuquén,40 a 44,302,6789,0.0444837237
2024,58,8,Neuquén,De 45 y más,27,6789,0.0039770217
2024,62,1,Río Negro,Menor de 15,14,6721,0.0020830234
2024,62,2,Río Negro,15 a 19,445,6721,0.0662103854
2024,62,3,Río Negro,20 a 24,1407,6721,0.2093438476
2024,62,4,Río Negro,25 a 29,1808,6721,0.2690075882
2024,62,5,Río Negro,30 a 34,1726,6721,0.2568070228
2024,62,6,Río Negro,35 a 39,1022,6721,0.1520607053
2024,62,7,Río Negro,40 a 44,280,6721,0.0416604672
2024,62,8,Río Negro,De 45 y más,19,6721,0.0028269603
2024,66,1,Salta,Menor de 15,70,14409,0.0048580748
2024,66,2,Salta,15 a 19,1539,14409,0.1068082448
2024,66,3,Salta,20 a 24,3438,14409,0.2386008745
2024,66,4,Salta,25 a 29,3812,14409,0.2645568742
2024,66,5,Salta,30 a 34,3098,14409,0.2150045111
2024,66,6,Salta,35 a 39,1837,14409,0.1274897633
2024,66,7,Salta,40 a 44,562,14409,0.0390034007
2024,66,8,Salta,De 45 y más,53,14409,0.0036782566
2024,70,1,San Juan,Menor de 15,18,8701,0.0020687277
2024,70,2,San Juan,15 a 19,937,8701,0.1076887714
2024,70,3,San Juan,20 a 24,2293,8701,0.2635329272
2024,70,4,San Juan,25 a 29,2427,8701,0.2789334559
2024,70,5,San Juan,30 a 34,1842,8701,0.2116998046
2024,70,6,San Juan,35 a 39,927,8701,0.1065394782
2024,70,7,San Juan,40 a 44,247,8701,0.0283875417
2024,70,8,San Juan,De 45 y más,10,8701,0.0011492932
2024,74,1,San Luis,Menor de 15,6,4410,0.0013605442
2024,74,2,San Luis,15 a 19,313,4410,0.0709750567
2024,74,3,San Luis,20 a 24,1051,4410,0.2383219955
2024,74,4,San Luis,25 a 29,1284,4410,0.2911564626
2024,74,5,San Luis,30 a 34,952,4410,0.2158730159
2024,74,6,San Luis,35 a 39,620,4410,0.1405895692
2024,74,7,San Luis,40 a 44,168,4410,0.0380952381
2024,74,8,San Luis,De 45 y más,16,4410,0.0036281179
2024,78,1,Santa Cruz,Menor de 15,0,2696,0.0000000000
2024,78,2,Santa Cruz,15 a 19,183,2696,0.0678783383
2024,78,3,Santa Cruz,20 a 24,616,2696,0.2284866469
2024,78,4,Santa Cruz,25 a 29,786,2696,0.2915430267
2024,78,5,Santa Cruz,30 a 34,634,2696,0.2351632047
2024,78,6,Santa Cruz,35 a 39,358,2696,0.1327893175
2024,78,7,Santa Cruz,40 a 44,106,2696,0.0393175074
2024,78,8,Santa Cruz,De 45 y más,13,2696,0.0048219585
2024,82,1,Santa Fe,Menor de 15,73,33710,0.0021655295
2024,82,2,Santa Fe,15 a 19,2914,33710,0.0864431919
2024,82,3,Santa Fe,20 a 24,7255,33710,0.2152180362
2024,82,4,Santa Fe,25 a 29,8128,33710,0.2411153960
2024,82,5,Santa Fe,30 a 34,7954,33710,0.2359537229
2024,82,6,Santa Fe,35 a 39,5562,33710,0.1649955503
2024,82,7,Santa Fe,40 a 44,1658,33710,0.0491842183
2024,82,8,Santa Fe,De 45 y más,166,33710,0.0049243548
2024,86,1,Santiago del Estero,Menor de 15,30,11401,0.0026313481
2024,86,2,Santiago del Estero,15 a 19,1258,11401,0.1103411981
2024,86,3,Santiago del Estero,20 a 24,2871,11401,0.2518200158
2024,86,4,Santiago del Estero,25 a 29,3131,11401,0.2746250329
2024,86,5,Santiago del Estero,30 a 34,2387,11401,0.2093675993
2024,86,6,Santiago del Estero,35 a 39,1326,11401,0.1163055872
2024,86,7,Santiago del Estero,40 a 44,359,11401,0.0314884659
2024,86,8,Santiago del Estero,De 45 y más,39,11401,0.0034207526
2024,90,1,Tucumán,Menor de 15,27,16661,0.0016205510
2024,90,2,Tucumán,15 a 19,1337,16661,0.0802472841
2024,90,3,Tucumán,20 a 24,4040,16661,0.2424824440
2024,90,4,Tucumán,25 a 29,4561,16661,0.2737530760
2024,90,5,Tucumán,30 a 34,3787,16661,0.2272972811
2024,90,6,Tucumán,35 a 39,2249,16661,0.1349858952
2024,90,7,Tucumán,40 a 44,618,16661,0.0370926115
2024,90,8,Tucumán,De 45 y más,42,16661,0.0025208571
2024,94,1,Tierra del Fuego,Menor de 15,0,1259,0.0000000000
2024,94,2,Tierra del Fuego,15 a 19,49,1259,0.0389197776
2024,94,3,Tierra del Fuego,20 a 24,230,1259,0.1826846704
2024,94,4,Tierra del Fuego,25 a 29,351,1259,0.2787926926
2024,94,5,Tierra del Fuego,30 a 34,323,1259,0.2565528197
2024,94,6,Tierra del Fuego,35 a 39,245,1259,0.1945988880
2024,94,7,Tierra del Fuego,40 a 44,59,1259,0.0468625894
2024,94,8,Tierra del Fuego,De 45 y más,2,1259,0.0015885624
