province_code,province_label,residence_scope,registered_births_2014,share_of_national_births_2014,registered_births_2024,share_of_national_births_2024,absolute_change,percent_change,contribution_to_provincial_decline,rank_percent_decline,rank_absolute_decline
94,Tierra del Fuego,argentina_province,3038,0.0039098495,1259,0.0030474300,-1779,-0.5855826201,0.0049052858,1,24
78,Santa Cruz,argentina_province,6156,0.0079226576,2696,0.0065257119,-3460,-0.5620532814,0.0095403535,2,20
38,Jujuy,argentina_province,14025,0.0180499143,6352,0.0153751195,-7673,-0.5470944742,0.0211569747,3,12
02,Ciudad Aut. de Buenos Aires,argentina_province,43716,0.0562616794,21454,0.0519297566,-22262,-0.5092414677,0.0613836270,4,4
06,Buenos Aires,argentina_province,294329,0.3787959517,147081,0.3560119574,-147248,-0.5002836961,0.4060109742,5,1
66,Salta,argentina_province,28346,0.0364807751,14410,0.0348796398,-13936,-0.4916390320,0.0384261174,6,6
26,Chubut,argentina_province,9881,0.0127166633,5054,0.0122332894,-4827,-0.4885133084,0.0133096203,7,18
50,Mendoza,argentina_province,36098,0.0464574550,18505,0.0447916541,-17593,-0.4873677212,0.0485096644,8,5
34,Formosa,argentina_province,12531,0.0161271641,6711,0.0162440849,-5820,-0.4644481685,0.0160476466,9,15
30,Entre Ríos,argentina_province,23318,0.0300098325,12548,0.0303726385,-10770,-0.4618749464,0.0296964182,10,9
42,La Pampa,argentina_province,5619,0.0072315485,3039,0.0073559490,-2580,-0.4591564335,0.0071139052,11,23
62,Río Negro,argentina_province,12339,0.0158800636,6721,0.0162682900,-5618,-0.4553043196,0.0154906664,12,16
90,Tucumán,argentina_province,30393,0.0391152260,16661,0.0403282220,-13732,-0.4518145626,0.0378636226,13,7
74,San Luis,argentina_province,7932,0.0102083366,4410,0.0106744769,-3522,-0.4440242057,0.0097113078,14,19
46,La Rioja,argentina_province,6287,0.0080912521,3503,0.0084790686,-2784,-0.4428185144,0.0076764000,15,22
70,San Juan,argentina_province,15528,0.0199842473,8701,0.0210609123,-6827,-0.4396573931,0.0188242755,16,13
10,Catamarca,argentina_province,6840,0.0088029529,3866,0.0093577160,-2974,-0.4347953216,0.0082002923,17,21
58,Neuquén,argentina_province,11933,0.0153575492,6790,0.0164353057,-5143,-0.4309896924,0.0141809358,18,17
14,Córdoba,argentina_province,59246,0.0762485007,33873,0.0819901485,-25373,-0.4282651993,0.0699616731,19,2
82,Santa Fe,argentina_province,57798,0.0743849516,33713,0.0816028659,-24085,-0.4167099208,0.0664102352,20,3
54,Misiones,argentina_province,27511,0.0354061456,16469,0.0398634829,-11042,-0.4013667260,0.0304464113,21,8
18,Corrientes,argentina_province,20933,0.0269403819,12538,0.0303484333,-8395,-0.4010414179,0.0231477652,22,11
86,Santiago del Estero,argentina_province,18180,0.0233973220,11401,0.0275963063,-6779,-0.3728822882,0.0186919238,23,14
22,Chaco,argentina_province,22798,0.0293406022,14350,0.0347344088,-8448,-0.3705588209,0.0232939035,24,10
