dimension,category_key,expected_count,source_table,source_page,source_url
total,all,413135,1,39,https://www.argentina.gob.ar/sites/default/files/serie_5_nro_68_anuario_vitales_v4_revisada_ok.pdf
mother_age,1,866,2,41,https://www.argentina.gob.ar/sites/default/files/serie_5_nro_68_anuario_vitales_v4_revisada_ok.pdf
mother_age,2,34426,2,41,https://www.argentina.gob.ar/sites/default/files/serie_5_nro_68_anuario_vitales_v4_revisada_ok.pdf
mother_age,3,91497,2,41,https://www.argentina.gob.ar/sites/default/files/serie_5_nro_68_anuario_vitales_v4_revisada_ok.pdf
mother_age,4,105761,2,41,https://www.argentina.gob.ar/sites/default/files/serie_5_nro_68_anuario_vitales_v4_revisada_ok.pdf
mother_age,5,95632,2,41,https://www.argentina.gob.ar/sites/default/files/serie_5_nro_68_anuario_vitales_v4_revisada_ok.pdf
mother_age,6,63212,2,41,https://www.argentina.gob.ar/sites/default/files/serie_5_nro_68_anuario_vitales_v4_revisada_ok.pdf
mother_age,7,18735,2,41,https://www.argentina.gob.ar/sites/default/files/serie_5_nro_68_anuario_vitales_v4_revisada_ok.pdf
mother_age,8,1952,2,41,https://www.argentina.gob.ar/sites/default/files/serie_5_nro_68_anuario_vitales_v4_revisada_ok.pdf
mother_age,9,1054,2,41,https://www.argentina.gob.ar/sites/default/files/serie_5_nro_68_anuario_vitales_v4_revisada_ok.pdf
education_source,1,821,3,42,https://www.argentina.gob.ar/sites/default/files/serie_5_nro_68_anuario_vitales_v4_revisada_ok.pdf
education_source,2,8094,3,42,https://www.argentina.gob.ar/sites/default/files/serie_5_nro_68_anuario_vitales_v4_revisada_ok.pdf
education_source,3,41577,3,42,https://www.argentina.gob.ar/sites/default/files/serie_5_nro_68_anuario_vitales_v4_revisada_ok.pdf
education_source,4,95148,3,42,https://www.argentina.gob.ar/sites/default/files/serie_5_nro_68_anuario_vitales_v4_revisada_ok.pdf
education_source,5,152038,3,42,https://www.argentina.gob.ar/sites/default/files/serie_5_nro_68_anuario_vitales_v4_revisada_ok.pdf
education_source,6,24629,3,42,https://www.argentina.gob.ar/sites/default/files/serie_5_nro_68_anuario_vitales_v4_revisada_ok.pdf
education_source,7,61163,3,42,https://www.argentina.gob.ar/sites/default/files/serie_5_nro_68_anuario_vitales_v4_revisada_ok.pdf
education_source,8,29665,3,42,https://www.argentina.gob.ar/sites/default/files/serie_5_nro_68_anuario_vitales_v4_revisada_ok.pdf
weight_source,1,117,5,45,https://www.argentina.gob.ar/sites/default/files/serie_5_nro_68_anuario_vitales_v4_revisada_ok.pdf
weight_source,2,1835,5,45,https://www.argentina.gob.ar/sites/default/files/serie_5_nro_68_anuario_vitales_v4_revisada_ok.pdf
weight_source,3,3280,5,45,https://www.argentina.gob.ar/sites/default/files/serie_5_nro_68_anuario_vitales_v4_revisada_ok.pdf
weight_source,4,6684,5,45,https://www.argentina.gob.ar/sites/default/files/serie_5_nro_68_anuario_vitales_v4_revisada_ok.pdf
weight_source,5,21672,5,45,https://www.argentina.gob.ar/sites/default/files/serie_5_nro_68_anuario_vitales_v4_revisada_ok.pdf
weight_source,6,83289,5,45,https://www.argentina.gob.ar/sites/default/files/serie_5_nro_68_anuario_vitales_v4_revisada_ok.pdf
weight_source,7,165892,5,45,https://www.argentina.gob.ar/sites/default/files/serie_5_nro_68_anuario_vitales_v4_revisada_ok.pdf
weight_source,8,128556,5,45,https://www.argentina.gob.ar/sites/default/files/serie_5_nro_68_anuario_vitales_v4_revisada_ok.pdf
weight_source,9,1810,5,45,https://www.argentina.gob.ar/sites/default/files/serie_5_nro_68_anuario_vitales_v4_revisada_ok.pdf
gestation,1,42,7,47,https://www.argentina.gob.ar/sites/default/files/serie_5_nro_68_anuario_vitales_v4_revisada_ok.pdf
gestation,2,205,7,47,https://www.argentina.gob.ar/sites/default/files/serie_5_nro_68_anuario_vitales_v4_revisada_ok.pdf
gestation,3,1479,7,47,https://www.argentina.gob.ar/sites/default/files/serie_5_nro_68_anuario_vitales_v4_revisada_ok.pdf
gestation,4,3603,7,47,https://www.argentina.gob.ar/sites/default/files/serie_5_nro_68_anuario_vitales_v4_revisada_ok.pdf
gestation,5,34689,7,47,https://www.argentina.gob.ar/sites/default/files/serie_5_nro_68_anuario_vitales_v4_revisada_ok.pdf
gestation,6,369697,7,47,https://www.argentina.gob.ar/sites/default/files/serie_5_nro_68_anuario_vitales_v4_revisada_ok.pdf
gestation,7,1336,7,47,https://www.argentina.gob.ar/sites/default/files/serie_5_nro_68_anuario_vitales_v4_revisada_ok.pdf
gestation,8,2084,7,47,https://www.argentina.gob.ar/sites/default/files/serie_5_nro_68_anuario_vitales_v4_revisada_ok.pdf
birth_type,1,403133,13,52,https://www.argentina.gob.ar/sites/default/files/serie_5_nro_68_anuario_vitales_v4_revisada_ok.pdf
birth_type,2,8135,13,52,https://www.argentina.gob.ar/sites/default/files/serie_5_nro_68_anuario_vitales_v4_revisada_ok.pdf
birth_type,9,1867,13,52,https://www.argentina.gob.ar/sites/default/files/serie_5_nro_68_anuario_vitales_v4_revisada_ok.pdf
sex_published,1,210374,13,52,https://www.argentina.gob.ar/sites/default/files/serie_5_nro_68_anuario_vitales_v4_revisada_ok.pdf
sex_published,2,202726,13,52,https://www.argentina.gob.ar/sites/default/files/serie_5_nro_68_anuario_vitales_v4_revisada_ok.pdf
sex_published,unspecified,35,13,52,https://www.argentina.gob.ar/sites/default/files/serie_5_nro_68_anuario_vitales_v4_revisada_ok.pdf
