source_year_start,source_year_end,source_code,source_label_expected,harmonized_code,harmonized_label
2014,2023,1,Menos de 2500 gramos,1,Menos de 2500 gramos
2014,2023,2,2500 gramos y más,2,2500 gramos y más
2014,2023,3,Sin especificar,3,Sin especificar
2024,2024,1,Menor de 500,1,Menos de 2500 gramos
2024,2024,2,500 a 999,1,Menos de 2500 gramos
2024,2024,3,1000 a 1499,1,Menos de 2500 gramos
2024,2024,4,1500 a 1999,1,Menos de 2500 gramos
2024,2024,5,2000 a 2499,1,Menos de 2500 gramos
2024,2024,6,2500 a 2999,2,2500 gramos y más
2024,2024,7,3000 a 3499,2,2500 gramos y más
2024,2024,8,De 3500 y más,2,2500 gramos y más
2024,2024,9,Sin especificar,3,Sin especificar
